"FLEET","Fleet","UNIT","Measure","COU","Country","YEA","Year","Unit Code","Unit","PowerCode Code","PowerCode","Reference Period Code","Reference Period","Value","Flag Codes","Flags"
"FTOT","Total Vessels","NU","Number of vessels","AUS","Australia","2003","2003","TONNE","Tonnes","0","Units",,,571,,
"FTOT","Total Vessels","NU","Number of vessels","AUS","Australia","2004","2004","TONNE","Tonnes","0","Units",,,612,,
"FTOT","Total Vessels","NU","Number of vessels","AUS","Australia","2005","2005","TONNE","Tonnes","0","Units",,,590,,
"FTOT","Total Vessels","NU","Number of vessels","AUS","Australia","2006","2006","TONNE","Tonnes","0","Units",,,477,,
"FTOT","Total Vessels","NU","Number of vessels","AUS","Australia","2007","2007","TONNE","Tonnes","0","Units",,,374,,
"FTOT","Total Vessels","NU","Number of vessels","AUS","Australia","2008","2008","TONNE","Tonnes","0","Units",,,332,,
"FTOT","Total Vessels","NU","Number of vessels","AUS","Australia","2009","2009","TONNE","Tonnes","0","Units",,,332,,
"FTOT","Total Vessels","NU","Number of vessels","AUS","Australia","2010","2010","TONNE","Tonnes","0","Units",,,318,,
"FTOT","Total Vessels","NU","Number of vessels","AUS","Australia","2011","2011","TONNE","Tonnes","0","Units",,,325,,
"FTOT","Total Vessels","NU","Number of vessels","AUS","Australia","2012","2012","TONNE","Tonnes","0","Units",,,318,,
"FTOT","Total Vessels","NU","Number of vessels","AUS","Australia","2013","2013","TONNE","Tonnes","0","Units",,,306,,
"FTOT","Total Vessels","NU","Number of vessels","AUS","Australia","2014","2014","TONNE","Tonnes","0","Units",,,309,,
"FTOT","Total Vessels","GT","Gross tonnage","AUS","Australia","2006","2006","NBR","Number","0","Units",,,63555,,
"FTOT","Total Vessels","GT","Gross tonnage","AUS","Australia","2007","2007","NBR","Number","0","Units",,,53458,,
"FTOT","Total Vessels","GT","Gross tonnage","AUS","Australia","2008","2008","NBR","Number","0","Units",,,48828,,
"FTOT","Total Vessels","GT","Gross tonnage","AUS","Australia","2009","2009","NBR","Number","0","Units",,,31932,,
"FTOT","Total Vessels","GT","Gross tonnage","AUS","Australia","2010","2010","NBR","Number","0","Units",,,36364.2,,
"FTOT","Total Vessels","GT","Gross tonnage","AUS","Australia","2011","2011","NBR","Number","0","Units",,,34930.8,,
"FTOT","Total Vessels","GT","Gross tonnage","AUS","Australia","2012","2012","NBR","Number","0","Units",,,35359.6,,
"FTOT","Total Vessels","GT","Gross tonnage","AUS","Australia","2013","2013","NBR","Number","0","Units",,,35713,,
"FTOT","Total Vessels","GT","Gross tonnage","AUS","Australia","2014","2014","NBR","Number","0","Units",,,40741,,
"FTOT","Total Vessels","NU","Number of vessels","BEL","Belgium","2000","2000","TONNE","Tonnes","0","Units",,,129,,
"FTOT","Total Vessels","NU","Number of vessels","BEL","Belgium","2001","2001","TONNE","Tonnes","0","Units",,,130,,
"FTOT","Total Vessels","NU","Number of vessels","BEL","Belgium","2002","2002","TONNE","Tonnes","0","Units",,,130,,
"FTOT","Total Vessels","NU","Number of vessels","BEL","Belgium","2003","2003","TONNE","Tonnes","0","Units",,,125,,
"FTOT","Total Vessels","NU","Number of vessels","BEL","Belgium","2004","2004","TONNE","Tonnes","0","Units",,,121,,
"FTOT","Total Vessels","NU","Number of vessels","BEL","Belgium","2005","2005","TONNE","Tonnes","0","Units",,,120,,
"FTOT","Total Vessels","NU","Number of vessels","BEL","Belgium","2006","2006","TONNE","Tonnes","0","Units",,,107,,
"FTOT","Total Vessels","NU","Number of vessels","BEL","Belgium","2007","2007","TONNE","Tonnes","0","Units",,,102,,
"FTOT","Total Vessels","NU","Number of vessels","BEL","Belgium","2008","2008","TONNE","Tonnes","0","Units",,,100,,
"FTOT","Total Vessels","NU","Number of vessels","BEL","Belgium","2009","2009","TONNE","Tonnes","0","Units",,,89,,
"FTOT","Total Vessels","NU","Number of vessels","BEL","Belgium","2010","2010","TONNE","Tonnes","0","Units",,,89,,
"FTOT","Total Vessels","NU","Number of vessels","BEL","Belgium","2011","2011","TONNE","Tonnes","0","Units",,,86,,
"FTOT","Total Vessels","NU","Number of vessels","BEL","Belgium","2012","2012","TONNE","Tonnes","0","Units",,,83,,
"FTOT","Total Vessels","NU","Number of vessels","BEL","Belgium","2013","2013","TONNE","Tonnes","0","Units",,,80,,
"FTOT","Total Vessels","NU","Number of vessels","BEL","Belgium","2014","2014","TONNE","Tonnes","0","Units",,,82,,
"FTOT","Total Vessels","GT","Gross tonnage","BEL","Belgium","2000","2000","NBR","Number","0","Units",,,23220.67,,
"FTOT","Total Vessels","GT","Gross tonnage","BEL","Belgium","2001","2001","NBR","Number","0","Units",,,24091,,
"FTOT","Total Vessels","GT","Gross tonnage","BEL","Belgium","2002","2002","NBR","Number","0","Units",,,24276,,
"FTOT","Total Vessels","GT","Gross tonnage","BEL","Belgium","2003","2003","NBR","Number","0","Units",,,23676,,
"FTOT","Total Vessels","GT","Gross tonnage","BEL","Belgium","2004","2004","NBR","Number","0","Units",,,22752,,
"FTOT","Total Vessels","GT","Gross tonnage","BEL","Belgium","2005","2005","NBR","Number","0","Units",,,22584,,
"FTOT","Total Vessels","GT","Gross tonnage","BEL","Belgium","2006","2006","NBR","Number","0","Units",,,20035,,
"FTOT","Total Vessels","GT","Gross tonnage","BEL","Belgium","2007","2007","NBR","Number","0","Units",,,19292,,
"FTOT","Total Vessels","GT","Gross tonnage","BEL","Belgium","2008","2008","NBR","Number","0","Units",,,19007,,
"FTOT","Total Vessels","GT","Gross tonnage","BEL","Belgium","2009","2009","NBR","Number","0","Units",,,16048,,
"FTOT","Total Vessels","GT","Gross tonnage","BEL","Belgium","2010","2010","NBR","Number","0","Units",,,15812,,
"FTOT","Total Vessels","GT","Gross tonnage","BEL","Belgium","2011","2011","NBR","Number","0","Units",,,15326,,
"FTOT","Total Vessels","GT","Gross tonnage","BEL","Belgium","2012","2012","NBR","Number","0","Units",,,15053,,
"FTOT","Total Vessels","GT","Gross tonnage","BEL","Belgium","2013","2013","NBR","Number","0","Units",,,14645,,
"FTOT","Total Vessels","GT","Gross tonnage","BEL","Belgium","2014","2014","NBR","Number","0","Units",,,14985,,
"FTOT","Total Vessels","NU","Number of vessels","CAN","Canada","2000","2000","TONNE","Tonnes","0","Units",,,23819,,
"FTOT","Total Vessels","NU","Number of vessels","CAN","Canada","2001","2001","TONNE","Tonnes","0","Units",,,23360,,
"FTOT","Total Vessels","NU","Number of vessels","CAN","Canada","2002","2002","TONNE","Tonnes","0","Units",,,22125,,
"FTOT","Total Vessels","NU","Number of vessels","CAN","Canada","2003","2003","TONNE","Tonnes","0","Units",,,22513,,
"FTOT","Total Vessels","NU","Number of vessels","CAN","Canada","2004","2004","TONNE","Tonnes","0","Units",,,22342,,
"FTOT","Total Vessels","NU","Number of vessels","CAN","Canada","2005","2005","TONNE","Tonnes","0","Units",,,21819,,
"FTOT","Total Vessels","NU","Number of vessels","CAN","Canada","2006","2006","TONNE","Tonnes","0","Units",,,21461,,
"FTOT","Total Vessels","NU","Number of vessels","CAN","Canada","2007","2007","TONNE","Tonnes","0","Units",,,21183,,
"FTOT","Total Vessels","NU","Number of vessels","CAN","Canada","2008","2008","TONNE","Tonnes","0","Units",,,20507,,
"FTOT","Total Vessels","NU","Number of vessels","CAN","Canada","2009","2009","TONNE","Tonnes","0","Units",,,20197,,
"FTOT","Total Vessels","NU","Number of vessels","CAN","Canada","2010","2010","TONNE","Tonnes","0","Units",,,19906,,
"FTOT","Total Vessels","NU","Number of vessels","CAN","Canada","2011","2011","TONNE","Tonnes","0","Units",,,19520,,
"FTOT","Total Vessels","NU","Number of vessels","CAN","Canada","2012","2012","TONNE","Tonnes","0","Units",,,18740,,
"FTOT","Total Vessels","NU","Number of vessels","CAN","Canada","2013","2013","TONNE","Tonnes","0","Units",,,18452,,
"FTOT","Total Vessels","NU","Number of vessels","DNK","Denmark","2000","2000","TONNE","Tonnes","0","Units",,,4141,,
"FTOT","Total Vessels","NU","Number of vessels","DNK","Denmark","2001","2001","TONNE","Tonnes","0","Units",,,4019,,
"FTOT","Total Vessels","NU","Number of vessels","DNK","Denmark","2002","2002","TONNE","Tonnes","0","Units",,,3816,,
"FTOT","Total Vessels","NU","Number of vessels","DNK","Denmark","2003","2003","TONNE","Tonnes","0","Units",,,3569,,
"FTOT","Total Vessels","NU","Number of vessels","DNK","Denmark","2004","2004","TONNE","Tonnes","0","Units",,,3455,,
"FTOT","Total Vessels","NU","Number of vessels","DNK","Denmark","2005","2005","TONNE","Tonnes","0","Units",,,3344,,
"FTOT","Total Vessels","NU","Number of vessels","DNK","Denmark","2006","2006","TONNE","Tonnes","0","Units",,,3135,,
"FTOT","Total Vessels","NU","Number of vessels","DNK","Denmark","2007","2007","TONNE","Tonnes","0","Units",,,2957,,
"FTOT","Total Vessels","NU","Number of vessels","DNK","Denmark","2008","2008","TONNE","Tonnes","0","Units",,,2890,,
"FTOT","Total Vessels","NU","Number of vessels","DNK","Denmark","2009","2009","TONNE","Tonnes","0","Units",,,2830,,
"FTOT","Total Vessels","NU","Number of vessels","DNK","Denmark","2010","2010","TONNE","Tonnes","0","Units",,,2818,,
"FTOT","Total Vessels","NU","Number of vessels","DNK","Denmark","2011","2011","TONNE","Tonnes","0","Units",,,2785,,
"FTOT","Total Vessels","NU","Number of vessels","DNK","Denmark","2012","2012","TONNE","Tonnes","0","Units",,,2740,,
"FTOT","Total Vessels","NU","Number of vessels","DNK","Denmark","2013","2013","TONNE","Tonnes","0","Units",,,2632,,
"FTOT","Total Vessels","NU","Number of vessels","DNK","Denmark","2014","2014","TONNE","Tonnes","0","Units",,,2455,,
"FTOT","Total Vessels","GT","Gross tonnage","DNK","Denmark","2000","2000","NBR","Number","0","Units",,,111119,,
"FTOT","Total Vessels","GT","Gross tonnage","DNK","Denmark","2001","2001","NBR","Number","0","Units",,,108377,,
"FTOT","Total Vessels","GT","Gross tonnage","DNK","Denmark","2002","2002","NBR","Number","0","Units",,,105514,,
"FTOT","Total Vessels","GT","Gross tonnage","DNK","Denmark","2003","2003","NBR","Number","0","Units",,,98795,,
"FTOT","Total Vessels","GT","Gross tonnage","DNK","Denmark","2004","2004","NBR","Number","0","Units",,,96120,,
"FTOT","Total Vessels","GT","Gross tonnage","DNK","Denmark","2005","2005","NBR","Number","0","Units",,,91533,,
"FTOT","Total Vessels","GT","Gross tonnage","DNK","Denmark","2006","2006","NBR","Number","0","Units",,,85716,,
"FTOT","Total Vessels","GT","Gross tonnage","DNK","Denmark","2007","2007","NBR","Number","0","Units",,,76469,,
"FTOT","Total Vessels","GT","Gross tonnage","DNK","Denmark","2008","2008","NBR","Number","0","Units",,,73030,,
"FTOT","Total Vessels","GT","Gross tonnage","DNK","Denmark","2009","2009","NBR","Number","0","Units",,,68192,,
"FTOT","Total Vessels","GT","Gross tonnage","DNK","Denmark","2010","2010","NBR","Number","0","Units",,,65997,,
"FTOT","Total Vessels","GT","Gross tonnage","DNK","Denmark","2011","2011","NBR","Number","0","Units",,,64527,,
"FTOT","Total Vessels","GT","Gross tonnage","DNK","Denmark","2012","2012","NBR","Number","0","Units",,,65933,,
"FTOT","Total Vessels","GT","Gross tonnage","DNK","Denmark","2013","2013","NBR","Number","0","Units",,,65271,,
"FTOT","Total Vessels","GT","Gross tonnage","DNK","Denmark","2014","2014","NBR","Number","0","Units",,,69138,,
"FTOT","Total Vessels","NU","Number of vessels","FIN","Finland","2000","2000","TONNE","Tonnes","0","Units",,,3663,,
"FTOT","Total Vessels","NU","Number of vessels","FIN","Finland","2001","2001","TONNE","Tonnes","0","Units",,,3613,,
"FTOT","Total Vessels","NU","Number of vessels","FIN","Finland","2002","2002","TONNE","Tonnes","0","Units",,,3574,,
"FTOT","Total Vessels","NU","Number of vessels","FIN","Finland","2003","2003","TONNE","Tonnes","0","Units",,,3494,,
"FTOT","Total Vessels","NU","Number of vessels","FIN","Finland","2004","2004","TONNE","Tonnes","0","Units",,,3393,,
"FTOT","Total Vessels","NU","Number of vessels","FIN","Finland","2005","2005","TONNE","Tonnes","0","Units",,,3265,,
"FTOT","Total Vessels","NU","Number of vessels","FIN","Finland","2006","2006","TONNE","Tonnes","0","Units",,,3196,,
"FTOT","Total Vessels","NU","Number of vessels","FIN","Finland","2007","2007","TONNE","Tonnes","0","Units",,,3164,,
"FTOT","Total Vessels","NU","Number of vessels","FIN","Finland","2008","2008","TONNE","Tonnes","0","Units",,,3242,,
"FTOT","Total Vessels","NU","Number of vessels","FIN","Finland","2009","2009","TONNE","Tonnes","0","Units",,,3271,,
"FTOT","Total Vessels","NU","Number of vessels","FIN","Finland","2010","2010","TONNE","Tonnes","0","Units",,,3366,,
"FTOT","Total Vessels","NU","Number of vessels","FIN","Finland","2011","2011","TONNE","Tonnes","0","Units",,,3336,,
"FTOT","Total Vessels","NU","Number of vessels","FIN","Finland","2012","2012","TONNE","Tonnes","0","Units",,,3249,,
"FTOT","Total Vessels","NU","Number of vessels","FIN","Finland","2013","2013","TONNE","Tonnes","0","Units",,,3219,,
"FTOT","Total Vessels","NU","Number of vessels","FIN","Finland","2014","2014","TONNE","Tonnes","0","Units",,,3210,,
"FTOT","Total Vessels","GT","Gross tonnage","FIN","Finland","2000","2000","NBR","Number","0","Units",,,20781.82,,
"FTOT","Total Vessels","GT","Gross tonnage","FIN","Finland","2001","2001","NBR","Number","0","Units",,,20064.38,,
"FTOT","Total Vessels","GT","Gross tonnage","FIN","Finland","2002","2002","NBR","Number","0","Units",,,20339.48,,
"FTOT","Total Vessels","GT","Gross tonnage","FIN","Finland","2003","2003","NBR","Number","0","Units",,,17312,,
"FTOT","Total Vessels","GT","Gross tonnage","FIN","Finland","2004","2004","NBR","Number","0","Units",,,18052.04,,
"FTOT","Total Vessels","GT","Gross tonnage","FIN","Finland","2005","2005","NBR","Number","0","Units",,,16947.68,,
"FTOT","Total Vessels","GT","Gross tonnage","FIN","Finland","2006","2006","NBR","Number","0","Units",,,19093.34,,
"FTOT","Total Vessels","GT","Gross tonnage","FIN","Finland","2007","2007","NBR","Number","0","Units",,,16113.27,,
"FTOT","Total Vessels","GT","Gross tonnage","FIN","Finland","2008","2008","NBR","Number","0","Units",,,16165.65,,
"FTOT","Total Vessels","GT","Gross tonnage","FIN","Finland","2009","2009","NBR","Number","0","Units",,,16397.18,,
"FTOT","Total Vessels","GT","Gross tonnage","FIN","Finland","2010","2010","NBR","Number","0","Units",,,16698.28,,
"FTOT","Total Vessels","GT","Gross tonnage","FIN","Finland","2011","2011","NBR","Number","0","Units",,,16098.98,,
"FTOT","Total Vessels","GT","Gross tonnage","FIN","Finland","2012","2012","NBR","Number","0","Units",,,16493.74,,
"FTOT","Total Vessels","GT","Gross tonnage","FIN","Finland","2013","2013","NBR","Number","0","Units",,,16524.47,,
"FTOT","Total Vessels","GT","Gross tonnage","FIN","Finland","2014","2014","NBR","Number","0","Units",,,16467,,
"FTOT","Total Vessels","NU","Number of vessels","FRA","France","2000","2000","TONNE","Tonnes","0","Units",,,8181,,
"FTOT","Total Vessels","NU","Number of vessels","FRA","France","2001","2001","TONNE","Tonnes","0","Units",,,7956,,
"FTOT","Total Vessels","NU","Number of vessels","FRA","France","2002","2002","TONNE","Tonnes","0","Units",,,8089,,
"FTOT","Total Vessels","NU","Number of vessels","FRA","France","2003","2003","TONNE","Tonnes","0","Units",,,8090,,
"FTOT","Total Vessels","NU","Number of vessels","FRA","France","2004","2004","TONNE","Tonnes","0","Units",,,7715,,
"FTOT","Total Vessels","NU","Number of vessels","FRA","France","2005","2005","TONNE","Tonnes","0","Units",,,7858,,
"FTOT","Total Vessels","NU","Number of vessels","FRA","France","2006","2006","TONNE","Tonnes","0","Units",,,7671,,
"FTOT","Total Vessels","NU","Number of vessels","FRA","France","2007","2007","TONNE","Tonnes","0","Units",,,7631,,
"FTOT","Total Vessels","NU","Number of vessels","FRA","France","2008","2008","TONNE","Tonnes","0","Units",,,7941,,
"FTOT","Total Vessels","NU","Number of vessels","FRA","France","2009","2009","TONNE","Tonnes","0","Units",,,7284,,
"FTOT","Total Vessels","NU","Number of vessels","FRA","France","2010","2010","TONNE","Tonnes","0","Units",,,7242,,
"FTOT","Total Vessels","NU","Number of vessels","FRA","France","2011","2011","TONNE","Tonnes","0","Units",,,7237,,
"FTOT","Total Vessels","NU","Number of vessels","FRA","France","2012","2012","TONNE","Tonnes","0","Units",,,7156,,
"FTOT","Total Vessels","NU","Number of vessels","FRA","France","2013","2013","TONNE","Tonnes","0","Units",,,7158,,
"FTOT","Total Vessels","NU","Number of vessels","FRA","France","2014","2014","TONNE","Tonnes","0","Units",,,7143,,
"FTOT","Total Vessels","GT","Gross tonnage","FRA","France","2000","2000","NBR","Number","0","Units",,,230172.02,,
"FTOT","Total Vessels","GT","Gross tonnage","FRA","France","2001","2001","NBR","Number","0","Units",,,232662.33,,
"FTOT","Total Vessels","GT","Gross tonnage","FRA","France","2002","2002","NBR","Number","0","Units",,,230445.11,,
"FTOT","Total Vessels","GT","Gross tonnage","FRA","France","2003","2003","NBR","Number","0","Units",,,228131,,
"FTOT","Total Vessels","GT","Gross tonnage","FRA","France","2004","2004","NBR","Number","0","Units",,,214562.21,,
"FTOT","Total Vessels","GT","Gross tonnage","FRA","France","2005","2005","NBR","Number","0","Units",,,214373.74,,
"FTOT","Total Vessels","GT","Gross tonnage","FRA","France","2006","2006","NBR","Number","0","Units",,,208493,,
"FTOT","Total Vessels","GT","Gross tonnage","FRA","France","2007","2007","NBR","Number","0","Units",,,210754,,
"FTOT","Total Vessels","GT","Gross tonnage","FRA","France","2008","2008","NBR","Number","0","Units",,,199269,,
"FTOT","Total Vessels","GT","Gross tonnage","FRA","France","2009","2009","NBR","Number","0","Units",,,185535,,
"FTOT","Total Vessels","GT","Gross tonnage","FRA","France","2010","2010","NBR","Number","0","Units",,,174461,,
"FTOT","Total Vessels","GT","Gross tonnage","FRA","France","2011","2011","NBR","Number","0","Units",,,173343.88,,
"FTOT","Total Vessels","GT","Gross tonnage","FRA","France","2012","2012","NBR","Number","0","Units",,,168744.95,,
"FTOT","Total Vessels","GT","Gross tonnage","FRA","France","2013","2013","NBR","Number","0","Units",,,166560.94,,
"FTOT","Total Vessels","GT","Gross tonnage","FRA","France","2014","2014","NBR","Number","0","Units",,,177860,,
"FTOT","Total Vessels","NU","Number of vessels","DEU","Germany","2000","2000","TONNE","Tonnes","0","Units",,,2492,,
"FTOT","Total Vessels","NU","Number of vessels","DEU","Germany","2001","2001","TONNE","Tonnes","0","Units",,,2442,,
"FTOT","Total Vessels","NU","Number of vessels","DEU","Germany","2002","2002","TONNE","Tonnes","0","Units",,,2392,,
"FTOT","Total Vessels","NU","Number of vessels","DEU","Germany","2003","2003","TONNE","Tonnes","0","Units",,,2358,,
"FTOT","Total Vessels","NU","Number of vessels","DEU","Germany","2004","2004","TONNE","Tonnes","0","Units",,,2308,,
"FTOT","Total Vessels","NU","Number of vessels","DEU","Germany","2005","2005","TONNE","Tonnes","0","Units",,,2252,,
"FTOT","Total Vessels","NU","Number of vessels","DEU","Germany","2006","2006","TONNE","Tonnes","0","Units",,,2135,,
"FTOT","Total Vessels","NU","Number of vessels","DEU","Germany","2007","2007","TONNE","Tonnes","0","Units",,,1955,,
"FTOT","Total Vessels","NU","Number of vessels","DEU","Germany","2008","2008","TONNE","Tonnes","0","Units",,,1899,,
"FTOT","Total Vessels","NU","Number of vessels","DEU","Germany","2009","2009","TONNE","Tonnes","0","Units",,,1825,,
"FTOT","Total Vessels","NU","Number of vessels","DEU","Germany","2010","2010","TONNE","Tonnes","0","Units",,,1724,,
"FTOT","Total Vessels","NU","Number of vessels","DEU","Germany","2011","2011","TONNE","Tonnes","0","Units",,,1627,,
"FTOT","Total Vessels","NU","Number of vessels","DEU","Germany","2012","2012","TONNE","Tonnes","0","Units",,,1596,,
"FTOT","Total Vessels","NU","Number of vessels","DEU","Germany","2013","2013","TONNE","Tonnes","0","Units",,,1530,,
"FTOT","Total Vessels","NU","Number of vessels","DEU","Germany","2014","2014","TONNE","Tonnes","0","Units",,,1538,,
"FTOT","Total Vessels","GT","Gross tonnage","DEU","Germany","2000","2000","NBR","Number","0","Units",,,71089,,
"FTOT","Total Vessels","GT","Gross tonnage","DEU","Germany","2001","2001","NBR","Number","0","Units",,,70916,,
"FTOT","Total Vessels","GT","Gross tonnage","DEU","Germany","2002","2002","NBR","Number","0","Units",,,66942,,
"FTOT","Total Vessels","GT","Gross tonnage","DEU","Germany","2003","2003","NBR","Number","0","Units",,,64200,,
"FTOT","Total Vessels","GT","Gross tonnage","DEU","Germany","2004","2004","NBR","Number","0","Units",,,65450,,
"FTOT","Total Vessels","GT","Gross tonnage","DEU","Germany","2005","2005","NBR","Number","0","Units",,,64218,,
"FTOT","Total Vessels","GT","Gross tonnage","DEU","Germany","2006","2006","NBR","Number","0","Units",,,61992,,
"FTOT","Total Vessels","GT","Gross tonnage","DEU","Germany","2007","2007","NBR","Number","0","Units",,,69170,,
"FTOT","Total Vessels","GT","Gross tonnage","DEU","Germany","2008","2008","NBR","Number","0","Units",,,69212,,
"FTOT","Total Vessels","GT","Gross tonnage","DEU","Germany","2009","2009","NBR","Number","0","Units",,,68521,,
"FTOT","Total Vessels","GT","Gross tonnage","DEU","Germany","2010","2010","NBR","Number","0","Units",,,67809,,
"FTOT","Total Vessels","GT","Gross tonnage","DEU","Germany","2011","2011","NBR","Number","0","Units",,,64882,,
"FTOT","Total Vessels","GT","Gross tonnage","DEU","Germany","2012","2012","NBR","Number","0","Units",,,64182,,
"FTOT","Total Vessels","GT","Gross tonnage","DEU","Germany","2013","2013","NBR","Number","0","Units",,,61061,,
"FTOT","Total Vessels","GT","Gross tonnage","DEU","Germany","2014","2014","NBR","Number","0","Units",,,61794,,
"FTOT","Total Vessels","NU","Number of vessels","GRC","Greece","2000","2000","TONNE","Tonnes","0","Units",,,20091,,
"FTOT","Total Vessels","NU","Number of vessels","GRC","Greece","2001","2001","TONNE","Tonnes","0","Units",,,20300,,
"FTOT","Total Vessels","NU","Number of vessels","GRC","Greece","2002","2002","TONNE","Tonnes","0","Units",,,19771,,
"FTOT","Total Vessels","NU","Number of vessels","GRC","Greece","2003","2003","TONNE","Tonnes","0","Units",,,19062,,
"FTOT","Total Vessels","NU","Number of vessels","GRC","Greece","2004","2004","TONNE","Tonnes","0","Units",,,18910,,
"FTOT","Total Vessels","NU","Number of vessels","GRC","Greece","2005","2005","TONNE","Tonnes","0","Units",,,18451,,
"FTOT","Total Vessels","NU","Number of vessels","GRC","Greece","2006","2006","TONNE","Tonnes","0","Units",,,18156,,
"FTOT","Total Vessels","NU","Number of vessels","GRC","Greece","2007","2007","TONNE","Tonnes","0","Units",,,17547,,
"FTOT","Total Vessels","NU","Number of vessels","GRC","Greece","2008","2008","TONNE","Tonnes","0","Units",,,17368,,
"FTOT","Total Vessels","NU","Number of vessels","GRC","Greece","2009","2009","TONNE","Tonnes","0","Units",,,17513,,
"FTOT","Total Vessels","NU","Number of vessels","GRC","Greece","2010","2010","TONNE","Tonnes","0","Units",,,17378,,
"FTOT","Total Vessels","NU","Number of vessels","GRC","Greece","2011","2011","TONNE","Tonnes","0","Units",,,16863,,
"FTOT","Total Vessels","NU","Number of vessels","GRC","Greece","2012","2012","TONNE","Tonnes","0","Units",,,16249,,
"FTOT","Total Vessels","NU","Number of vessels","GRC","Greece","2013","2013","TONNE","Tonnes","0","Units",,,15860,,
"FTOT","Total Vessels","NU","Number of vessels","GRC","Greece","2014","2014","TONNE","Tonnes","0","Units",,,15883,,
"FTOT","Total Vessels","GT","Gross tonnage","GRC","Greece","2000","2000","NBR","Number","0","Units",,,108546.53,,
"FTOT","Total Vessels","GT","Gross tonnage","GRC","Greece","2001","2001","NBR","Number","0","Units",,,111155.5,,
"FTOT","Total Vessels","GT","Gross tonnage","GRC","Greece","2002","2002","NBR","Number","0","Units",,,104552.81,,
"FTOT","Total Vessels","GT","Gross tonnage","GRC","Greece","2003","2003","NBR","Number","0","Units",,,97262,,
"FTOT","Total Vessels","GT","Gross tonnage","GRC","Greece","2004","2004","NBR","Number","0","Units",,,95643.2,,
"FTOT","Total Vessels","GT","Gross tonnage","GRC","Greece","2005","2005","NBR","Number","0","Units",,,93532.83,,
"FTOT","Total Vessels","GT","Gross tonnage","GRC","Greece","2006","2006","NBR","Number","0","Units",,,92449.2,,
"FTOT","Total Vessels","GT","Gross tonnage","GRC","Greece","2007","2007","NBR","Number","0","Units",,,90561.39,,
"FTOT","Total Vessels","GT","Gross tonnage","GRC","Greece","2008","2008","NBR","Number","0","Units",,,88896.99,,
"FTOT","Total Vessels","GT","Gross tonnage","GRC","Greece","2009","2009","NBR","Number","0","Units",,,88252.41,,
"FTOT","Total Vessels","GT","Gross tonnage","GRC","Greece","2010","2010","NBR","Number","0","Units",,,88288,,
"FTOT","Total Vessels","GT","Gross tonnage","GRC","Greece","2011","2011","NBR","Number","0","Units",,,83739,,
"FTOT","Total Vessels","GT","Gross tonnage","GRC","Greece","2012","2012","NBR","Number","0","Units",,,80783,,
"FTOT","Total Vessels","GT","Gross tonnage","GRC","Greece","2013","2013","NBR","Number","0","Units",,,78103,,
"FTOT","Total Vessels","GT","Gross tonnage","GRC","Greece","2014","2014","NBR","Number","0","Units",,,76866,,
"FTOT","Total Vessels","NU","Number of vessels","ISL","Iceland","2000","2000","TONNE","Tonnes","0","Units",,,1740,,
"FTOT","Total Vessels","NU","Number of vessels","ISL","Iceland","2001","2001","TONNE","Tonnes","0","Units",,,1718,,
"FTOT","Total Vessels","NU","Number of vessels","ISL","Iceland","2002","2002","TONNE","Tonnes","0","Units",,,1769,,
"FTOT","Total Vessels","NU","Number of vessels","ISL","Iceland","2003","2003","TONNE","Tonnes","0","Units",,,1666,,
"FTOT","Total Vessels","NU","Number of vessels","ISL","Iceland","2004","2004","TONNE","Tonnes","0","Units",,,1570,,
"FTOT","Total Vessels","NU","Number of vessels","ISL","Iceland","2005","2005","TONNE","Tonnes","0","Units",,,1449,,
"FTOT","Total Vessels","NU","Number of vessels","ISL","Iceland","2006","2006","TONNE","Tonnes","0","Units",,,1344,,
"FTOT","Total Vessels","NU","Number of vessels","ISL","Iceland","2007","2007","TONNE","Tonnes","0","Units",,,1333,,
"FTOT","Total Vessels","NU","Number of vessels","ISL","Iceland","2008","2008","TONNE","Tonnes","0","Units",,,1166,,
"FTOT","Total Vessels","NU","Number of vessels","ISL","Iceland","2009","2009","TONNE","Tonnes","0","Units",,,1279,,
"FTOT","Total Vessels","NU","Number of vessels","ISL","Iceland","2010","2010","TONNE","Tonnes","0","Units",,,1313.698423,,
"FTOT","Total Vessels","NU","Number of vessels","ISL","Iceland","2011","2011","TONNE","Tonnes","0","Units",,,1337.906625,,
"FTOT","Total Vessels","NU","Number of vessels","ISL","Iceland","2012","2012","TONNE","Tonnes","0","Units",,,1394,,
"FTOT","Total Vessels","GT","Gross tonnage","ISL","Iceland","2000","2000","NBR","Number","0","Units",,,173953,,
"FTOT","Total Vessels","GT","Gross tonnage","ISL","Iceland","2001","2001","NBR","Number","0","Units",,,181729,,
"FTOT","Total Vessels","GT","Gross tonnage","ISL","Iceland","2002","2002","NBR","Number","0","Units",,,190891,,
"FTOT","Total Vessels","GT","Gross tonnage","ISL","Iceland","2003","2003","NBR","Number","0","Units",,,175729,,
"FTOT","Total Vessels","GT","Gross tonnage","ISL","Iceland","2004","2004","NBR","Number","0","Units",,,169874,,
"FTOT","Total Vessels","GT","Gross tonnage","ISL","Iceland","2005","2005","NBR","Number","0","Units",,,174080.38,,
"FTOT","Total Vessels","GT","Gross tonnage","ISL","Iceland","2006","2006","NBR","Number","0","Units",,,167842.26,,
"FTOT","Total Vessels","GT","Gross tonnage","ISL","Iceland","2007","2007","NBR","Number","0","Units",,,162827,,
"FTOT","Total Vessels","GT","Gross tonnage","ISL","Iceland","2008","2008","NBR","Number","0","Units",,,146614,,
"FTOT","Total Vessels","GT","Gross tonnage","ISL","Iceland","2009","2009","NBR","Number","0","Units",,,144044,,
"FTOT","Total Vessels","GT","Gross tonnage","ISL","Iceland","2010","2010","NBR","Number","0","Units",,,137863,,
"FTOT","Total Vessels","GT","Gross tonnage","ISL","Iceland","2011","2011","NBR","Number","0","Units",,,145516,,
"FTOT","Total Vessels","GT","Gross tonnage","ISL","Iceland","2012","2012","NBR","Number","0","Units",,,213561.4,,
"FTOT","Total Vessels","NU","Number of vessels","IRL","Ireland","2000","2000","TONNE","Tonnes","0","Units",,,1196,,
"FTOT","Total Vessels","NU","Number of vessels","IRL","Ireland","2001","2001","TONNE","Tonnes","0","Units",,,1514,,
"FTOT","Total Vessels","NU","Number of vessels","IRL","Ireland","2002","2002","TONNE","Tonnes","0","Units",,,1489,,
"FTOT","Total Vessels","NU","Number of vessels","IRL","Ireland","2003","2003","TONNE","Tonnes","0","Units",,,1584.638783,,
"FTOT","Total Vessels","NU","Number of vessels","IRL","Ireland","2004","2004","TONNE","Tonnes","0","Units",,,1506.980989,,
"FTOT","Total Vessels","NU","Number of vessels","IRL","Ireland","2005","2005","TONNE","Tonnes","0","Units",,,1489.140684,,
"FTOT","Total Vessels","NU","Number of vessels","IRL","Ireland","2006","2006","TONNE","Tonnes","0","Units",,,1932,,
"FTOT","Total Vessels","NU","Number of vessels","IRL","Ireland","2007","2007","TONNE","Tonnes","0","Units",,,1941,,
"FTOT","Total Vessels","NU","Number of vessels","IRL","Ireland","2008","2008","TONNE","Tonnes","0","Units",,,2016,,
"FTOT","Total Vessels","NU","Number of vessels","IRL","Ireland","2009","2009","TONNE","Tonnes","0","Units",,,2095,,
"FTOT","Total Vessels","NU","Number of vessels","IRL","Ireland","2010","2010","TONNE","Tonnes","0","Units",,,2132,,
"FTOT","Total Vessels","NU","Number of vessels","IRL","Ireland","2011","2011","TONNE","Tonnes","0","Units",,,2167,,
"FTOT","Total Vessels","NU","Number of vessels","IRL","Ireland","2012","2012","TONNE","Tonnes","0","Units",,,2227,,
"FTOT","Total Vessels","NU","Number of vessels","IRL","Ireland","2013","2013","TONNE","Tonnes","0","Units",,,2164,,
"FTOT","Total Vessels","NU","Number of vessels","IRL","Ireland","2014","2014","TONNE","Tonnes","0","Units",,,2202,,
"FTOT","Total Vessels","GT","Gross tonnage","IRL","Ireland","2000","2000","NBR","Number","0","Units",,,61450.99,,
"FTOT","Total Vessels","GT","Gross tonnage","IRL","Ireland","2001","2001","NBR","Number","0","Units",,,72021.34,,
"FTOT","Total Vessels","GT","Gross tonnage","IRL","Ireland","2002","2002","NBR","Number","0","Units",,,80198.31,,
"FTOT","Total Vessels","GT","Gross tonnage","IRL","Ireland","2003","2003","NBR","Number","0","Units",,,81515.9,,
"FTOT","Total Vessels","GT","Gross tonnage","IRL","Ireland","2004","2004","NBR","Number","0","Units",,,82868.8,,
"FTOT","Total Vessels","GT","Gross tonnage","IRL","Ireland","2005","2005","NBR","Number","0","Units",,,83764.6,,
"FTOT","Total Vessels","GT","Gross tonnage","IRL","Ireland","2006","2006","NBR","Number","0","Units",,,80634.42,,
"FTOT","Total Vessels","GT","Gross tonnage","IRL","Ireland","2007","2007","NBR","Number","0","Units",,,70834,,
"FTOT","Total Vessels","GT","Gross tonnage","IRL","Ireland","2008","2008","NBR","Number","0","Units",,,69724,,
"FTOT","Total Vessels","GT","Gross tonnage","IRL","Ireland","2009","2009","NBR","Number","0","Units",,,68544.71,,
"FTOT","Total Vessels","GT","Gross tonnage","IRL","Ireland","2010","2010","NBR","Number","0","Units",,,68986,,
"FTOT","Total Vessels","GT","Gross tonnage","IRL","Ireland","2011","2011","NBR","Number","0","Units",,,63971.9,,
"FTOT","Total Vessels","GT","Gross tonnage","IRL","Ireland","2012","2012","NBR","Number","0","Units",,,64882,,
"FTOT","Total Vessels","GT","Gross tonnage","IRL","Ireland","2013","2013","NBR","Number","0","Units",,,63795,,
"FTOT","Total Vessels","GT","Gross tonnage","IRL","Ireland","2014","2014","NBR","Number","0","Units",,,64251,,
"FTOT","Total Vessels","NU","Number of vessels","ITA","Italy","2000","2000","TONNE","Tonnes","0","Units",,,17483,,
"FTOT","Total Vessels","NU","Number of vessels","ITA","Italy","2001","2001","TONNE","Tonnes","0","Units",,,16596,,
"FTOT","Total Vessels","NU","Number of vessels","ITA","Italy","2002","2002","TONNE","Tonnes","0","Units",,,16000,,
"FTOT","Total Vessels","NU","Number of vessels","ITA","Italy","2003","2003","TONNE","Tonnes","0","Units",,,15602,,
"FTOT","Total Vessels","NU","Number of vessels","ITA","Italy","2004","2004","TONNE","Tonnes","0","Units",,,14873,,
"FTOT","Total Vessels","NU","Number of vessels","ITA","Italy","2005","2005","TONNE","Tonnes","0","Units",,,14304,,
"FTOT","Total Vessels","NU","Number of vessels","ITA","Italy","2006","2006","TONNE","Tonnes","0","Units",,,13955,,
"FTOT","Total Vessels","NU","Number of vessels","ITA","Italy","2007","2007","TONNE","Tonnes","0","Units",,,13604,,
"FTOT","Total Vessels","NU","Number of vessels","ITA","Italy","2008","2008","TONNE","Tonnes","0","Units",,,13374,,
"FTOT","Total Vessels","NU","Number of vessels","ITA","Italy","2009","2009","TONNE","Tonnes","0","Units",,,13609,,
"FTOT","Total Vessels","NU","Number of vessels","ITA","Italy","2010","2010","TONNE","Tonnes","0","Units",,,13239,,
"FTOT","Total Vessels","NU","Number of vessels","ITA","Italy","2011","2011","TONNE","Tonnes","0","Units",,,13078,,
"FTOT","Total Vessels","NU","Number of vessels","ITA","Italy","2012","2012","TONNE","Tonnes","0","Units",,,12766,,
"FTOT","Total Vessels","NU","Number of vessels","ITA","Italy","2013","2013","TONNE","Tonnes","0","Units",,,12691,,
"FTOT","Total Vessels","NU","Number of vessels","ITA","Italy","2014","2014","TONNE","Tonnes","0","Units",,,12675,,
"FTOT","Total Vessels","GT","Gross tonnage","ITA","Italy","2000","2000","NBR","Number","0","Units",,,231681.97,,
"FTOT","Total Vessels","GT","Gross tonnage","ITA","Italy","2001","2001","NBR","Number","0","Units",,,221524.74,,
"FTOT","Total Vessels","GT","Gross tonnage","ITA","Italy","2002","2002","NBR","Number","0","Units",,,215865.59,,
"FTOT","Total Vessels","GT","Gross tonnage","ITA","Italy","2003","2003","NBR","Number","0","Units",,,199648.4,,
"FTOT","Total Vessels","GT","Gross tonnage","ITA","Italy","2004","2004","NBR","Number","0","Units",,,200561.41,,
"FTOT","Total Vessels","GT","Gross tonnage","ITA","Italy","2005","2005","NBR","Number","0","Units",,,198996.71,,
"FTOT","Total Vessels","GT","Gross tonnage","ITA","Italy","2006","2006","NBR","Number","0","Units",,,192396.71,,
"FTOT","Total Vessels","GT","Gross tonnage","ITA","Italy","2007","2007","NBR","Number","0","Units",,,195098.66,,
"FTOT","Total Vessels","GT","Gross tonnage","ITA","Italy","2008","2008","NBR","Number","0","Units",,,182909.24,,
"FTOT","Total Vessels","GT","Gross tonnage","ITA","Italy","2009","2009","NBR","Number","0","Units",,,193155.64,,
"FTOT","Total Vessels","GT","Gross tonnage","ITA","Italy","2010","2010","NBR","Number","0","Units",,,183776.42,,
"FTOT","Total Vessels","GT","Gross tonnage","ITA","Italy","2011","2011","NBR","Number","0","Units",,,175523,,
"FTOT","Total Vessels","GT","Gross tonnage","ITA","Italy","2012","2012","NBR","Number","0","Units",,,165223,,
"FTOT","Total Vessels","GT","Gross tonnage","ITA","Italy","2013","2013","NBR","Number","0","Units",,,163892,,
"FTOT","Total Vessels","GT","Gross tonnage","ITA","Italy","2014","2014","NBR","Number","0","Units",,,163788,,
"FTOT","Total Vessels","NU","Number of vessels","JPN","Japan","2000","2000","TONNE","Tonnes","0","Units",,,344715,,
"FTOT","Total Vessels","NU","Number of vessels","JPN","Japan","2001","2001","TONNE","Tonnes","0","Units",,,337967,,
"FTOT","Total Vessels","NU","Number of vessels","JPN","Japan","2002","2002","TONNE","Tonnes","0","Units",,,331312,,
"FTOT","Total Vessels","NU","Number of vessels","JPN","Japan","2003","2003","TONNE","Tonnes","0","Units",,,325410,,
"FTOT","Total Vessels","NU","Number of vessels","JPN","Japan","2004","2004","TONNE","Tonnes","0","Units",,,319054,,
"FTOT","Total Vessels","NU","Number of vessels","JPN","Japan","2005","2005","TONNE","Tonnes","0","Units",,,314015,,
"FTOT","Total Vessels","NU","Number of vessels","JPN","Japan","2006","2006","TONNE","Tonnes","0","Units",,,308877,,
"FTOT","Total Vessels","NU","Number of vessels","JPN","Japan","2007","2007","TONNE","Tonnes","0","Units",,,301590,,
"FTOT","Total Vessels","NU","Number of vessels","JPN","Japan","2008","2008","TONNE","Tonnes","0","Units",,,294326,,
"FTOT","Total Vessels","NU","Number of vessels","JPN","Japan","2009","2009","TONNE","Tonnes","0","Units",,,286638,,
"FTOT","Total Vessels","NU","Number of vessels","JPN","Japan","2010","2010","TONNE","Tonnes","0","Units",,,280752,,
"FTOT","Total Vessels","NU","Number of vessels","JPN","Japan","2011","2011","TONNE","Tonnes","0","Units",,,257236,,
"FTOT","Total Vessels","NU","Number of vessels","JPN","Japan","2012","2012","TONNE","Tonnes","0","Units",,,258718,,
"FTOT","Total Vessels","NU","Number of vessels","JPN","Japan","2013","2013","TONNE","Tonnes","0","Units",,,253017,,
"FTOT","Total Vessels","NU","Number of vessels","KOR","Korea","2000","2000","TONNE","Tonnes","0","Units",,,95890,,
"FTOT","Total Vessels","NU","Number of vessels","KOR","Korea","2001","2001","TONNE","Tonnes","0","Units",,,94935,,
"FTOT","Total Vessels","NU","Number of vessels","KOR","Korea","2002","2002","TONNE","Tonnes","0","Units",,,94388,,
"FTOT","Total Vessels","NU","Number of vessels","KOR","Korea","2003","2003","TONNE","Tonnes","0","Units",,,93257,,
"FTOT","Total Vessels","NU","Number of vessels","KOR","Korea","2004","2004","TONNE","Tonnes","0","Units",,,91608,,
"FTOT","Total Vessels","NU","Number of vessels","KOR","Korea","2005","2005","TONNE","Tonnes","0","Units",,,90735,,
"FTOT","Total Vessels","NU","Number of vessels","KOR","Korea","2006","2006","TONNE","Tonnes","0","Units",,,86113,,
"FTOT","Total Vessels","NU","Number of vessels","KOR","Korea","2007","2007","TONNE","Tonnes","0","Units",,,85627,,
"FTOT","Total Vessels","NU","Number of vessels","KOR","Korea","2008","2008","TONNE","Tonnes","0","Units",,,80766,,
"FTOT","Total Vessels","NU","Number of vessels","KOR","Korea","2009","2009","TONNE","Tonnes","0","Units",,,77713,,
"FTOT","Total Vessels","NU","Number of vessels","KOR","Korea","2010","2010","TONNE","Tonnes","0","Units",,,76974,,
"FTOT","Total Vessels","NU","Number of vessels","KOR","Korea","2011","2011","TONNE","Tonnes","0","Units",,,75629,,
"FTOT","Total Vessels","NU","Number of vessels","KOR","Korea","2013","2013","TONNE","Tonnes","0","Units",,,71287,,
"FTOT","Total Vessels","GT","Gross tonnage","KOR","Korea","2000","2000","NBR","Number","0","Units",,,923099,,
"FTOT","Total Vessels","GT","Gross tonnage","KOR","Korea","2001","2001","NBR","Number","0","Units",,,884853,,
"FTOT","Total Vessels","GT","Gross tonnage","KOR","Korea","2002","2002","NBR","Number","0","Units",,,816563,,
"FTOT","Total Vessels","GT","Gross tonnage","KOR","Korea","2003","2003","NBR","Number","0","Units",,,754441,,
"FTOT","Total Vessels","GT","Gross tonnage","KOR","Korea","2004","2004","NBR","Number","0","Units",,,724980,,
"FTOT","Total Vessels","GT","Gross tonnage","KOR","Korea","2005","2005","NBR","Number","0","Units",,,700810,,
"FTOT","Total Vessels","GT","Gross tonnage","KOR","Korea","2006","2006","NBR","Number","0","Units",,,673719,,
"FTOT","Total Vessels","GT","Gross tonnage","KOR","Korea","2007","2007","NBR","Number","0","Units",,,663869,,
"FTOT","Total Vessels","GT","Gross tonnage","KOR","Korea","2008","2008","NBR","Number","0","Units",,,621336,,
"FTOT","Total Vessels","GT","Gross tonnage","KOR","Korea","2009","2009","NBR","Number","0","Units",,,594773,,
"FTOT","Total Vessels","GT","Gross tonnage","KOR","Korea","2010","2010","NBR","Number","0","Units",,,600622,,
"FTOT","Total Vessels","GT","Gross tonnage","KOR","Korea","2011","2011","NBR","Number","0","Units",,,606628,,
"FTOT","Total Vessels","GT","Gross tonnage","KOR","Korea","2013","2013","NBR","Number","0","Units",,,607224,,
"FTOT","Total Vessels","NU","Number of vessels","MEX","Mexico","2000","2000","TONNE","Tonnes","0","Units",,,106373,,
"FTOT","Total Vessels","NU","Number of vessels","MEX","Mexico","2001","2001","TONNE","Tonnes","0","Units",,,106425,,
"FTOT","Total Vessels","NU","Number of vessels","MEX","Mexico","2002","2002","TONNE","Tonnes","0","Units",,,106434,,
"FTOT","Total Vessels","NU","Number of vessels","MEX","Mexico","2003","2003","TONNE","Tonnes","0","Units",,,106431,,
"FTOT","Total Vessels","NU","Number of vessels","MEX","Mexico","2004","2004","TONNE","Tonnes","0","Units",,,106487,,
"FTOT","Total Vessels","NU","Number of vessels","MEX","Mexico","2005","2005","TONNE","Tonnes","0","Units",,,106301,,
"FTOT","Total Vessels","NU","Number of vessels","MEX","Mexico","2006","2006","TONNE","Tonnes","0","Units",,,106240,,
"FTOT","Total Vessels","NU","Number of vessels","MEX","Mexico","2007","2007","TONNE","Tonnes","0","Units",,,106205,,
"FTOT","Total Vessels","NU","Number of vessels","MEX","Mexico","2008","2008","TONNE","Tonnes","0","Units",,,106205,,
"FTOT","Total Vessels","NU","Number of vessels","MEX","Mexico","2009","2009","TONNE","Tonnes","0","Units",,,106107,,
"FTOT","Total Vessels","NU","Number of vessels","MEX","Mexico","2010","2010","TONNE","Tonnes","0","Units",,,94111,,
"FTOT","Total Vessels","NU","Number of vessels","MEX","Mexico","2011","2011","TONNE","Tonnes","0","Units",,,82069,,
"FTOT","Total Vessels","NU","Number of vessels","MEX","Mexico","2012","2012","TONNE","Tonnes","0","Units",,,71654,,
"FTOT","Total Vessels","NU","Number of vessels","MEX","Mexico","2013","2013","TONNE","Tonnes","0","Units",,,76096,,
"FTOT","Total Vessels","NU","Number of vessels","MEX","Mexico","2014","2014","TONNE","Tonnes","0","Units",,,75741,,
"FTOT","Total Vessels","GT","Gross tonnage","MEX","Mexico","2000","2000","NBR","Number","0","Units",,,231762,,
"FTOT","Total Vessels","GT","Gross tonnage","MEX","Mexico","2001","2001","NBR","Number","0","Units",,,234602,,
"FTOT","Total Vessels","GT","Gross tonnage","MEX","Mexico","2002","2002","NBR","Number","0","Units",,,240035,,
"FTOT","Total Vessels","GT","Gross tonnage","MEX","Mexico","2003","2003","NBR","Number","0","Units",,,239539,,
"FTOT","Total Vessels","GT","Gross tonnage","MEX","Mexico","2004","2004","NBR","Number","0","Units",,,240856,,
"FTOT","Total Vessels","GT","Gross tonnage","MEX","Mexico","2005","2005","NBR","Number","0","Units",,,228705,,
"FTOT","Total Vessels","GT","Gross tonnage","MEX","Mexico","2006","2006","NBR","Number","0","Units",,,224690,,
"FTOT","Total Vessels","GT","Gross tonnage","MEX","Mexico","2007","2007","NBR","Number","0","Units",,,222394,,
"FTOT","Total Vessels","GT","Gross tonnage","MEX","Mexico","2009","2009","NBR","Number","0","Units",,,222688.07,,
"FTOT","Total Vessels","GT","Gross tonnage","MEX","Mexico","2010","2010","NBR","Number","0","Units",,,217176.27,,
"FTOT","Total Vessels","GT","Gross tonnage","MEX","Mexico","2011","2011","NBR","Number","0","Units",,,215943.3,,
"FTOT","Total Vessels","GT","Gross tonnage","MEX","Mexico","2012","2012","NBR","Number","0","Units",,,214125.24,,
"FTOT","Total Vessels","GT","Gross tonnage","MEX","Mexico","2013","2013","NBR","Number","0","Units",,,129191,,
"FTOT","Total Vessels","GT","Gross tonnage","MEX","Mexico","2014","2014","NBR","Number","0","Units",,,244945,,
"FTOT","Total Vessels","NU","Number of vessels","NLD","Netherlands","2000","2000","TONNE","Tonnes","0","Units",,,1096,,
"FTOT","Total Vessels","NU","Number of vessels","NLD","Netherlands","2001","2001","TONNE","Tonnes","0","Units",,,1006,,
"FTOT","Total Vessels","NU","Number of vessels","NLD","Netherlands","2002","2002","TONNE","Tonnes","0","Units",,,964,,
"FTOT","Total Vessels","NU","Number of vessels","NLD","Netherlands","2003","2003","TONNE","Tonnes","0","Units",,,931,,
"FTOT","Total Vessels","NU","Number of vessels","NLD","Netherlands","2004","2004","TONNE","Tonnes","0","Units",,,927,,
"FTOT","Total Vessels","NU","Number of vessels","NLD","Netherlands","2005","2005","TONNE","Tonnes","0","Units",,,894,,
"FTOT","Total Vessels","NU","Number of vessels","NLD","Netherlands","2006","2006","TONNE","Tonnes","0","Units",,,894,,
"FTOT","Total Vessels","NU","Number of vessels","NLD","Netherlands","2007","2007","TONNE","Tonnes","0","Units",,,903,,
"FTOT","Total Vessels","NU","Number of vessels","NLD","Netherlands","2008","2008","TONNE","Tonnes","0","Units",,,887,,
"FTOT","Total Vessels","NU","Number of vessels","NLD","Netherlands","2009","2009","TONNE","Tonnes","0","Units",,,901,,
"FTOT","Total Vessels","NU","Number of vessels","NLD","Netherlands","2010","2010","TONNE","Tonnes","0","Units",,,910,,
"FTOT","Total Vessels","NU","Number of vessels","NLD","Netherlands","2011","2011","TONNE","Tonnes","0","Units",,,882,,
"FTOT","Total Vessels","NU","Number of vessels","NLD","Netherlands","2012","2012","TONNE","Tonnes","0","Units",,,897,,
"FTOT","Total Vessels","NU","Number of vessels","NLD","Netherlands","2013","2013","TONNE","Tonnes","0","Units",,,904,,
"FTOT","Total Vessels","NU","Number of vessels","NLD","Netherlands","2014","2014","TONNE","Tonnes","0","Units",,,864,,
"FTOT","Total Vessels","GT","Gross tonnage","NLD","Netherlands","2000","2000","NBR","Number","0","Units",,,212354.55,,
"FTOT","Total Vessels","GT","Gross tonnage","NLD","Netherlands","2001","2001","NBR","Number","0","Units",,,205623.47,,
"FTOT","Total Vessels","GT","Gross tonnage","NLD","Netherlands","2002","2002","NBR","Number","0","Units",,,202098.37,,
"FTOT","Total Vessels","GT","Gross tonnage","NLD","Netherlands","2003","2003","NBR","Number","0","Units",,,200192,,
"FTOT","Total Vessels","GT","Gross tonnage","NLD","Netherlands","2004","2004","NBR","Number","0","Units",,,196702,,
"FTOT","Total Vessels","GT","Gross tonnage","NLD","Netherlands","2005","2005","NBR","Number","0","Units",,,172195,,
"FTOT","Total Vessels","GT","Gross tonnage","NLD","Netherlands","2006","2006","NBR","Number","0","Units",,,158920,,
"FTOT","Total Vessels","GT","Gross tonnage","NLD","Netherlands","2007","2007","NBR","Number","0","Units",,,164289,,
"FTOT","Total Vessels","GT","Gross tonnage","NLD","Netherlands","2008","2008","NBR","Number","0","Units",,,146925,,
"FTOT","Total Vessels","GT","Gross tonnage","NLD","Netherlands","2009","2009","NBR","Number","0","Units",,,154369,,
"FTOT","Total Vessels","GT","Gross tonnage","NLD","Netherlands","2010","2010","NBR","Number","0","Units",,,147980,,
"FTOT","Total Vessels","GT","Gross tonnage","NLD","Netherlands","2011","2011","NBR","Number","0","Units",,,156741,,
"FTOT","Total Vessels","GT","Gross tonnage","NLD","Netherlands","2012","2012","NBR","Number","0","Units",,,154823,,
"FTOT","Total Vessels","GT","Gross tonnage","NLD","Netherlands","2013","2013","NBR","Number","0","Units",,,148934,,
"FTOT","Total Vessels","GT","Gross tonnage","NLD","Netherlands","2014","2014","NBR","Number","0","Units",,,150097,,
"FTOT","Total Vessels","NU","Number of vessels","NZL","New Zealand","2000","2000","TONNE","Tonnes","0","Units",,,1988,,
"FTOT","Total Vessels","NU","Number of vessels","NZL","New Zealand","2001","2001","TONNE","Tonnes","0","Units",,,1860,,
"FTOT","Total Vessels","NU","Number of vessels","NZL","New Zealand","2002","2002","TONNE","Tonnes","0","Units",,,1994,,
"FTOT","Total Vessels","NU","Number of vessels","NZL","New Zealand","2003","2003","TONNE","Tonnes","0","Units",,,1897,,
"FTOT","Total Vessels","NU","Number of vessels","NZL","New Zealand","2004","2004","TONNE","Tonnes","0","Units",,,1757,,
"FTOT","Total Vessels","NU","Number of vessels","NZL","New Zealand","2005","2005","TONNE","Tonnes","0","Units",,,1654,,
"FTOT","Total Vessels","NU","Number of vessels","NZL","New Zealand","2006","2006","TONNE","Tonnes","0","Units",,,1582,,
"FTOT","Total Vessels","NU","Number of vessels","NZL","New Zealand","2007","2007","TONNE","Tonnes","0","Units",,,1508,,
"FTOT","Total Vessels","NU","Number of vessels","NZL","New Zealand","2008","2008","TONNE","Tonnes","0","Units",,,1435,,
"FTOT","Total Vessels","NU","Number of vessels","NZL","New Zealand","2009","2009","TONNE","Tonnes","0","Units",,,1403,,
"FTOT","Total Vessels","NU","Number of vessels","NZL","New Zealand","2010","2010","TONNE","Tonnes","0","Units",,,1401,,
"FTOT","Total Vessels","NU","Number of vessels","NZL","New Zealand","2011","2011","TONNE","Tonnes","0","Units",,,1416,,
"FTOT","Total Vessels","NU","Number of vessels","NZL","New Zealand","2012","2012","TONNE","Tonnes","0","Units",,,1417,,
"FTOT","Total Vessels","NU","Number of vessels","NZL","New Zealand","2013","2013","TONNE","Tonnes","0","Units",,,1367,,
"FTOT","Total Vessels","NU","Number of vessels","NZL","New Zealand","2014","2014","TONNE","Tonnes","0","Units",,,1334,,
"FTOT","Total Vessels","GT","Gross tonnage","NZL","New Zealand","2000","2000","NBR","Number","0","Units",,,85594.900022633,,
"FTOT","Total Vessels","GT","Gross tonnage","NZL","New Zealand","2001","2001","NBR","Number","0","Units",,,166937.8601,,
"FTOT","Total Vessels","GT","Gross tonnage","NZL","New Zealand","2002","2002","NBR","Number","0","Units",,,137890.6501,,
"FTOT","Total Vessels","GT","Gross tonnage","NZL","New Zealand","2003","2003","NBR","Number","0","Units",,,176164,,
"FTOT","Total Vessels","GT","Gross tonnage","NZL","New Zealand","2004","2004","NBR","Number","0","Units",,,174529.56,,
"FTOT","Total Vessels","GT","Gross tonnage","NZL","New Zealand","2005","2005","NBR","Number","0","Units",,,172644,,
"FTOT","Total Vessels","GT","Gross tonnage","NZL","New Zealand","2006","2006","NBR","Number","0","Units",,,154094.67,,
"FTOT","Total Vessels","GT","Gross tonnage","NZL","New Zealand","2007","2007","NBR","Number","0","Units",,,138475,,
"FTOT","Total Vessels","GT","Gross tonnage","NZL","New Zealand","2008","2008","NBR","Number","0","Units",,,130785.42,,
"FTOT","Total Vessels","GT","Gross tonnage","NZL","New Zealand","2009","2009","NBR","Number","0","Units",,,126820.69,,
"FTOT","Total Vessels","GT","Gross tonnage","NZL","New Zealand","2010","2010","NBR","Number","0","Units",,,117918.98,,
"FTOT","Total Vessels","GT","Gross tonnage","NZL","New Zealand","2011","2011","NBR","Number","0","Units",,,116870.8,,
"FTOT","Total Vessels","GT","Gross tonnage","NZL","New Zealand","2012","2012","NBR","Number","0","Units",,,115169,,
"FTOT","Total Vessels","GT","Gross tonnage","NZL","New Zealand","2013","2013","NBR","Number","0","Units",,,122110.87,,
"FTOT","Total Vessels","GT","Gross tonnage","NZL","New Zealand","2014","2014","NBR","Number","0","Units",,,119620.02,,
"FTOT","Total Vessels","NU","Number of vessels","NOR","Norway","2000","2000","TONNE","Tonnes","0","Units",,,13017,,
"FTOT","Total Vessels","NU","Number of vessels","NOR","Norway","2001","2001","TONNE","Tonnes","0","Units",,,11922,,
"FTOT","Total Vessels","NU","Number of vessels","NOR","Norway","2002","2002","TONNE","Tonnes","0","Units",,,10641,,
"FTOT","Total Vessels","NU","Number of vessels","NOR","Norway","2003","2003","TONNE","Tonnes","0","Units",,,9915,,
"FTOT","Total Vessels","NU","Number of vessels","NOR","Norway","2004","2004","TONNE","Tonnes","0","Units",,,8189,,
"FTOT","Total Vessels","NU","Number of vessels","NOR","Norway","2005","2005","TONNE","Tonnes","0","Units",,,7722,,
"FTOT","Total Vessels","NU","Number of vessels","NOR","Norway","2006","2006","TONNE","Tonnes","0","Units",,,7300,,
"FTOT","Total Vessels","NU","Number of vessels","NOR","Norway","2007","2007","TONNE","Tonnes","0","Units",,,7038,,
"FTOT","Total Vessels","NU","Number of vessels","NOR","Norway","2008","2008","TONNE","Tonnes","0","Units",,,6785,,
"FTOT","Total Vessels","NU","Number of vessels","NOR","Norway","2009","2009","TONNE","Tonnes","0","Units",,,6506,,
"FTOT","Total Vessels","NU","Number of vessels","NOR","Norway","2010","2010","TONNE","Tonnes","0","Units",,,6310,,
"FTOT","Total Vessels","NU","Number of vessels","NOR","Norway","2011","2011","TONNE","Tonnes","0","Units",,,6250,,
"FTOT","Total Vessels","NU","Number of vessels","NOR","Norway","2012","2012","TONNE","Tonnes","0","Units",,,6211,,
"FTOT","Total Vessels","NU","Number of vessels","NOR","Norway","2013","2013","TONNE","Tonnes","0","Units",,,6126,,
"FTOT","Total Vessels","NU","Number of vessels","NOR","Norway","2014","2014","TONNE","Tonnes","0","Units",,,5939,,
"FTOT","Total Vessels","GT","Gross tonnage","NOR","Norway","2000","2000","NBR","Number","0","Units",,,392316,,
"FTOT","Total Vessels","GT","Gross tonnage","NOR","Norway","2001","2001","NBR","Number","0","Units",,,403600,,
"FTOT","Total Vessels","GT","Gross tonnage","NOR","Norway","2002","2002","NBR","Number","0","Units",,,394547,,
"FTOT","Total Vessels","GT","Gross tonnage","NOR","Norway","2003","2003","NBR","Number","0","Units",,,391519,,
"FTOT","Total Vessels","GT","Gross tonnage","NOR","Norway","2004","2004","NBR","Number","0","Units",,,390396,,
"FTOT","Total Vessels","GT","Gross tonnage","NOR","Norway","2005","2005","NBR","Number","0","Units",,,368944,,
"FTOT","Total Vessels","GT","Gross tonnage","NOR","Norway","2006","2006","NBR","Number","0","Units",,,363895,,
"FTOT","Total Vessels","GT","Gross tonnage","NOR","Norway","2007","2007","NBR","Number","0","Units",,,354907,,
"FTOT","Total Vessels","GT","Gross tonnage","NOR","Norway","2008","2008","NBR","Number","0","Units",,,363147,,
"FTOT","Total Vessels","GT","Gross tonnage","NOR","Norway","2009","2009","NBR","Number","0","Units",,,369186,,
"FTOT","Total Vessels","GT","Gross tonnage","NOR","Norway","2010","2010","NBR","Number","0","Units",,,366127,,
"FTOT","Total Vessels","GT","Gross tonnage","NOR","Norway","2011","2011","NBR","Number","0","Units",,,375614,,
"FTOT","Total Vessels","GT","Gross tonnage","NOR","Norway","2012","2012","NBR","Number","0","Units",,,365481,,
"FTOT","Total Vessels","GT","Gross tonnage","NOR","Norway","2013","2013","NBR","Number","0","Units",,,381146,,
"FTOT","Total Vessels","GT","Gross tonnage","NOR","Norway","2014","2014","NBR","Number","0","Units",,,392468,,
"FTOT","Total Vessels","NU","Number of vessels","POL","Poland","2000","2000","TONNE","Tonnes","0","Units",,,1417,,
"FTOT","Total Vessels","NU","Number of vessels","POL","Poland","2001","2001","TONNE","Tonnes","0","Units",,,1423,,
"FTOT","Total Vessels","NU","Number of vessels","POL","Poland","2002","2002","TONNE","Tonnes","0","Units",,,1426,,
"FTOT","Total Vessels","NU","Number of vessels","POL","Poland","2003","2003","TONNE","Tonnes","0","Units",,,1406,,
"FTOT","Total Vessels","NU","Number of vessels","POL","Poland","2004","2004","TONNE","Tonnes","0","Units",,,1379,,
"FTOT","Total Vessels","NU","Number of vessels","POL","Poland","2005","2005","TONNE","Tonnes","0","Units",,,975,,
"FTOT","Total Vessels","NU","Number of vessels","POL","Poland","2006","2006","TONNE","Tonnes","0","Units",,,881,,
"FTOT","Total Vessels","NU","Number of vessels","POL","Poland","2007","2007","TONNE","Tonnes","0","Units",,,870,,
"FTOT","Total Vessels","NU","Number of vessels","POL","Poland","2008","2008","TONNE","Tonnes","0","Units",,,833,,
"FTOT","Total Vessels","NU","Number of vessels","POL","Poland","2009","2009","TONNE","Tonnes","0","Units",,,806,,
"FTOT","Total Vessels","NU","Number of vessels","POL","Poland","2010","2010","TONNE","Tonnes","0","Units",,,792,,
"FTOT","Total Vessels","NU","Number of vessels","POL","Poland","2011","2011","TONNE","Tonnes","0","Units",,,817,,
"FTOT","Total Vessels","NU","Number of vessels","POL","Poland","2012","2012","TONNE","Tonnes","0","Units",,,825,,
"FTOT","Total Vessels","NU","Number of vessels","POL","Poland","2013","2013","TONNE","Tonnes","0","Units",,,899,,
"FTOT","Total Vessels","NU","Number of vessels","POL","Poland","2014","2014","TONNE","Tonnes","0","Units",,,832,,
"FTOT","Total Vessels","GT","Gross tonnage","POL","Poland","2000","2000","NBR","Number","0","Units",,,120638.6,,
"FTOT","Total Vessels","GT","Gross tonnage","POL","Poland","2001","2001","NBR","Number","0","Units",,,93470.18,,
"FTOT","Total Vessels","GT","Gross tonnage","POL","Poland","2002","2002","NBR","Number","0","Units",,,75315,,
"FTOT","Total Vessels","GT","Gross tonnage","POL","Poland","2003","2003","NBR","Number","0","Units",,,47532.52,,
"FTOT","Total Vessels","GT","Gross tonnage","POL","Poland","2004","2004","NBR","Number","0","Units",,,45660.69,,
"FTOT","Total Vessels","GT","Gross tonnage","POL","Poland","2005","2005","NBR","Number","0","Units",,,30252.26,,
"FTOT","Total Vessels","GT","Gross tonnage","POL","Poland","2006","2006","NBR","Number","0","Units",,,31593,,
"FTOT","Total Vessels","GT","Gross tonnage","POL","Poland","2007","2007","NBR","Number","0","Units",,,31212,,
"FTOT","Total Vessels","GT","Gross tonnage","POL","Poland","2008","2008","NBR","Number","0","Units",,,42666,,
"FTOT","Total Vessels","GT","Gross tonnage","POL","Poland","2009","2009","NBR","Number","0","Units",,,37523,,
"FTOT","Total Vessels","GT","Gross tonnage","POL","Poland","2010","2010","NBR","Number","0","Units",,,36542,,
"FTOT","Total Vessels","GT","Gross tonnage","POL","Poland","2011","2011","NBR","Number","0","Units",,,33402.61,,
"FTOT","Total Vessels","GT","Gross tonnage","POL","Poland","2012","2012","NBR","Number","0","Units",,,33423.85,,
"FTOT","Total Vessels","GT","Gross tonnage","POL","Poland","2013","2013","NBR","Number","0","Units",,,33949.07,,
"FTOT","Total Vessels","GT","Gross tonnage","POL","Poland","2014","2014","NBR","Number","0","Units",,,33729,,
"FTOT","Total Vessels","NU","Number of vessels","PRT","Portugal","2000","2000","TONNE","Tonnes","0","Units",,,10711,,
"FTOT","Total Vessels","NU","Number of vessels","PRT","Portugal","2001","2001","TONNE","Tonnes","0","Units",,,10465,,
"FTOT","Total Vessels","NU","Number of vessels","PRT","Portugal","2002","2002","TONNE","Tonnes","0","Units",,,10427,,
"FTOT","Total Vessels","NU","Number of vessels","PRT","Portugal","2003","2003","TONNE","Tonnes","0","Units",,,10262,,
"FTOT","Total Vessels","NU","Number of vessels","PRT","Portugal","2004","2004","TONNE","Tonnes","0","Units",,,10089,,
"FTOT","Total Vessels","NU","Number of vessels","PRT","Portugal","2005","2005","TONNE","Tonnes","0","Units",,,9955,,
"FTOT","Total Vessels","NU","Number of vessels","PRT","Portugal","2006","2006","TONNE","Tonnes","0","Units",,,8715,,
"FTOT","Total Vessels","NU","Number of vessels","PRT","Portugal","2007","2007","TONNE","Tonnes","0","Units",,,8630,,
"FTOT","Total Vessels","NU","Number of vessels","PRT","Portugal","2008","2008","TONNE","Tonnes","0","Units",,,8585,,
"FTOT","Total Vessels","NU","Number of vessels","PRT","Portugal","2009","2009","TONNE","Tonnes","0","Units",,,8562,,
"FTOT","Total Vessels","NU","Number of vessels","PRT","Portugal","2010","2010","TONNE","Tonnes","0","Units",,,8492,,
"FTOT","Total Vessels","NU","Number of vessels","PRT","Portugal","2011","2011","TONNE","Tonnes","0","Units",,,8380,,
"FTOT","Total Vessels","NU","Number of vessels","PRT","Portugal","2012","2012","TONNE","Tonnes","0","Units",,,8276,,
"FTOT","Total Vessels","NU","Number of vessels","PRT","Portugal","2013","2013","TONNE","Tonnes","0","Units",,,8232,,
"FTOT","Total Vessels","NU","Number of vessels","PRT","Portugal","2014","2014","TONNE","Tonnes","0","Units",,,8236,,
"FTOT","Total Vessels","GT","Gross tonnage","PRT","Portugal","2000","2000","NBR","Number","0","Units",,,118372,,
"FTOT","Total Vessels","GT","Gross tonnage","PRT","Portugal","2001","2001","NBR","Number","0","Units",,,118306,,
"FTOT","Total Vessels","GT","Gross tonnage","PRT","Portugal","2002","2002","NBR","Number","0","Units",,,119157,,
"FTOT","Total Vessels","GT","Gross tonnage","PRT","Portugal","2003","2003","NBR","Number","0","Units",,,114308,,
"FTOT","Total Vessels","GT","Gross tonnage","PRT","Portugal","2004","2004","NBR","Number","0","Units",,,112978,,
"FTOT","Total Vessels","GT","Gross tonnage","PRT","Portugal","2005","2005","NBR","Number","0","Units",,,108814,,
"FTOT","Total Vessels","GT","Gross tonnage","PRT","Portugal","2006","2006","NBR","Number","0","Units",,,106920,,
"FTOT","Total Vessels","GT","Gross tonnage","PRT","Portugal","2007","2007","NBR","Number","0","Units",,,106702,,
"FTOT","Total Vessels","GT","Gross tonnage","PRT","Portugal","2008","2008","NBR","Number","0","Units",,,106597,,
"FTOT","Total Vessels","GT","Gross tonnage","PRT","Portugal","2009","2009","NBR","Number","0","Units",,,104018,,
"FTOT","Total Vessels","GT","Gross tonnage","PRT","Portugal","2010","2010","NBR","Number","0","Units",,,101601,,
"FTOT","Total Vessels","GT","Gross tonnage","PRT","Portugal","2011","2011","NBR","Number","0","Units",,,101574,,
"FTOT","Total Vessels","GT","Gross tonnage","PRT","Portugal","2012","2012","NBR","Number","0","Units",,,99836,,
"FTOT","Total Vessels","GT","Gross tonnage","PRT","Portugal","2013","2013","NBR","Number","0","Units",,,99917,,
"FTOT","Total Vessels","GT","Gross tonnage","PRT","Portugal","2014","2014","NBR","Number","0","Units",,,99953,,
"FTOT","Total Vessels","NU","Number of vessels","ESP","Spain","2000","2000","TONNE","Tonnes","0","Units",,,16657,,
"FTOT","Total Vessels","NU","Number of vessels","ESP","Spain","2001","2001","TONNE","Tonnes","0","Units",,,15385,,
"FTOT","Total Vessels","NU","Number of vessels","ESP","Spain","2002","2002","TONNE","Tonnes","0","Units",,,14880,,
"FTOT","Total Vessels","NU","Number of vessels","ESP","Spain","2003","2003","TONNE","Tonnes","0","Units",,,14374,,
"FTOT","Total Vessels","NU","Number of vessels","ESP","Spain","2004","2004","TONNE","Tonnes","0","Units",,,14041,,
"FTOT","Total Vessels","NU","Number of vessels","ESP","Spain","2005","2005","TONNE","Tonnes","0","Units",,,13693,,
"FTOT","Total Vessels","NU","Number of vessels","ESP","Spain","2006","2006","TONNE","Tonnes","0","Units",,,13398,,
"FTOT","Total Vessels","NU","Number of vessels","ESP","Spain","2007","2007","TONNE","Tonnes","0","Units",,,13006,,
"FTOT","Total Vessels","NU","Number of vessels","ESP","Spain","2008","2008","TONNE","Tonnes","0","Units",,,11394,,
"FTOT","Total Vessels","NU","Number of vessels","ESP","Spain","2009","2009","TONNE","Tonnes","0","Units",,,11116,,
"FTOT","Total Vessels","NU","Number of vessels","ESP","Spain","2010","2010","TONNE","Tonnes","0","Units",,,10847,,
"FTOT","Total Vessels","NU","Number of vessels","ESP","Spain","2011","2011","TONNE","Tonnes","0","Units",,,10505,,
"FTOT","Total Vessels","NU","Number of vessels","ESP","Spain","2012","2012","TONNE","Tonnes","0","Units",,,10116,,
"FTOT","Total Vessels","NU","Number of vessels","ESP","Spain","2013","2013","TONNE","Tonnes","0","Units",,,9872,,
"FTOT","Total Vessels","NU","Number of vessels","ESP","Spain","2014","2014","TONNE","Tonnes","0","Units",,,9895,,
"FTOT","Total Vessels","GT","Gross tonnage","ESP","Spain","2000","2000","NBR","Number","0","Units",,,524375.91,,
"FTOT","Total Vessels","GT","Gross tonnage","ESP","Spain","2001","2001","NBR","Number","0","Units",,,527593.74,,
"FTOT","Total Vessels","GT","Gross tonnage","ESP","Spain","2002","2002","NBR","Number","0","Units",,,519476.8,,
"FTOT","Total Vessels","GT","Gross tonnage","ESP","Spain","2003","2003","NBR","Number","0","Units",,,495977,,
"FTOT","Total Vessels","GT","Gross tonnage","ESP","Spain","2004","2004","NBR","Number","0","Units",,,489745.67,,
"FTOT","Total Vessels","GT","Gross tonnage","ESP","Spain","2005","2005","NBR","Number","0","Units",,,487125.13,,
"FTOT","Total Vessels","GT","Gross tonnage","ESP","Spain","2006","2006","NBR","Number","0","Units",,,480762,,
"FTOT","Total Vessels","GT","Gross tonnage","ESP","Spain","2007","2007","NBR","Number","0","Units",,,468040,,
"FTOT","Total Vessels","GT","Gross tonnage","ESP","Spain","2008","2008","NBR","Number","0","Units",,,458180.07,,
"FTOT","Total Vessels","GT","Gross tonnage","ESP","Spain","2009","2009","NBR","Number","0","Units",,,438997.05,,
"FTOT","Total Vessels","GT","Gross tonnage","ESP","Spain","2010","2010","NBR","Number","0","Units",,,414267,,
"FTOT","Total Vessels","GT","Gross tonnage","ESP","Spain","2011","2011","NBR","Number","0","Units",,,398900,,
"FTOT","Total Vessels","GT","Gross tonnage","ESP","Spain","2012","2012","NBR","Number","0","Units",,,384795,,
"FTOT","Total Vessels","GT","Gross tonnage","ESP","Spain","2013","2013","NBR","Number","0","Units",,,372617.06,,
"FTOT","Total Vessels","GT","Gross tonnage","ESP","Spain","2014","2014","NBR","Number","0","Units",,,379209,,
"FTOT","Total Vessels","NU","Number of vessels","SWE","Sweden","2000","2000","TONNE","Tonnes","0","Units",,,1963,,
"FTOT","Total Vessels","NU","Number of vessels","SWE","Sweden","2001","2001","TONNE","Tonnes","0","Units",,,1848,,
"FTOT","Total Vessels","NU","Number of vessels","SWE","Sweden","2002","2002","TONNE","Tonnes","0","Units",,,1818,,
"FTOT","Total Vessels","NU","Number of vessels","SWE","Sweden","2003","2003","TONNE","Tonnes","0","Units",,,1715,,
"FTOT","Total Vessels","NU","Number of vessels","SWE","Sweden","2004","2004","TONNE","Tonnes","0","Units",,,1597,,
"FTOT","Total Vessels","NU","Number of vessels","SWE","Sweden","2005","2005","TONNE","Tonnes","0","Units",,,1589,,
"FTOT","Total Vessels","NU","Number of vessels","SWE","Sweden","2006","2006","TONNE","Tonnes","0","Units",,,1551,,
"FTOT","Total Vessels","NU","Number of vessels","SWE","Sweden","2007","2007","TONNE","Tonnes","0","Units",,,1504,,
"FTOT","Total Vessels","NU","Number of vessels","SWE","Sweden","2008","2008","TONNE","Tonnes","0","Units",,,1469,,
"FTOT","Total Vessels","NU","Number of vessels","SWE","Sweden","2009","2009","TONNE","Tonnes","0","Units",,,1409,,
"FTOT","Total Vessels","NU","Number of vessels","SWE","Sweden","2010","2010","TONNE","Tonnes","0","Units",,,1360,,
"FTOT","Total Vessels","NU","Number of vessels","SWE","Sweden","2011","2011","TONNE","Tonnes","0","Units",,,1369,,
"FTOT","Total Vessels","NU","Number of vessels","SWE","Sweden","2012","2012","TONNE","Tonnes","0","Units",,,1378,,
"FTOT","Total Vessels","NU","Number of vessels","SWE","Sweden","2013","2013","TONNE","Tonnes","0","Units",,,1362,,
"FTOT","Total Vessels","GT","Gross tonnage","SWE","Sweden","2000","2000","NBR","Number","0","Units",,,49913.57,,
"FTOT","Total Vessels","GT","Gross tonnage","SWE","Sweden","2001","2001","NBR","Number","0","Units",,,47300,,
"FTOT","Total Vessels","GT","Gross tonnage","SWE","Sweden","2002","2002","NBR","Number","0","Units",,,45908,,
"FTOT","Total Vessels","GT","Gross tonnage","SWE","Sweden","2003","2003","NBR","Number","0","Units",,,44762,,
"FTOT","Total Vessels","GT","Gross tonnage","SWE","Sweden","2004","2004","NBR","Number","0","Units",,,44447,,
"FTOT","Total Vessels","GT","Gross tonnage","SWE","Sweden","2005","2005","NBR","Number","0","Units",,,44105,,
"FTOT","Total Vessels","GT","Gross tonnage","SWE","Sweden","2006","2006","NBR","Number","0","Units",,,43768,,
"FTOT","Total Vessels","GT","Gross tonnage","SWE","Sweden","2007","2007","NBR","Number","0","Units",,,42929,,
"FTOT","Total Vessels","GT","Gross tonnage","SWE","Sweden","2008","2008","NBR","Number","0","Units",,,42362,,
"FTOT","Total Vessels","GT","Gross tonnage","SWE","Sweden","2009","2009","NBR","Number","0","Units",,,38278,,
"FTOT","Total Vessels","GT","Gross tonnage","SWE","Sweden","2010","2010","NBR","Number","0","Units",,,33553,,
"FTOT","Total Vessels","GT","Gross tonnage","SWE","Sweden","2011","2011","NBR","Number","0","Units",,,29912,,
"FTOT","Total Vessels","GT","Gross tonnage","SWE","Sweden","2012","2012","NBR","Number","0","Units",,,30831,,
"FTOT","Total Vessels","NU","Number of vessels","TUR","Turkey","2000","2000","TONNE","Tonnes","0","Units",,,14975,,
"FTOT","Total Vessels","NU","Number of vessels","TUR","Turkey","2001","2001","TONNE","Tonnes","0","Units",,,16132,,
"FTOT","Total Vessels","NU","Number of vessels","TUR","Turkey","2002","2002","TONNE","Tonnes","0","Units",,,18696,,
"FTOT","Total Vessels","NU","Number of vessels","TUR","Turkey","2003","2003","TONNE","Tonnes","0","Units",,,18779,,
"FTOT","Total Vessels","NU","Number of vessels","TUR","Turkey","2004","2004","TONNE","Tonnes","0","Units",,,18999,,
"FTOT","Total Vessels","NU","Number of vessels","TUR","Turkey","2005","2005","TONNE","Tonnes","0","Units",,,18836,,
"FTOT","Total Vessels","NU","Number of vessels","TUR","Turkey","2006","2006","TONNE","Tonnes","0","Units",,,18790,,
"FTOT","Total Vessels","NU","Number of vessels","TUR","Turkey","2007","2007","TONNE","Tonnes","0","Units",,,18563,,
"FTOT","Total Vessels","NU","Number of vessels","TUR","Turkey","2008","2008","TONNE","Tonnes","0","Units",,,17732,,
"FTOT","Total Vessels","NU","Number of vessels","TUR","Turkey","2009","2009","TONNE","Tonnes","0","Units",,,17469,,
"FTOT","Total Vessels","NU","Number of vessels","TUR","Turkey","2010","2010","TONNE","Tonnes","0","Units",,,17440,,
"FTOT","Total Vessels","NU","Number of vessels","TUR","Turkey","2011","2011","TONNE","Tonnes","0","Units",,,17165,,
"FTOT","Total Vessels","NU","Number of vessels","TUR","Turkey","2012","2012","TONNE","Tonnes","0","Units",,,16998,,
"FTOT","Total Vessels","NU","Number of vessels","TUR","Turkey","2013","2013","TONNE","Tonnes","0","Units",,,16437,,
"FTOT","Total Vessels","GT","Gross tonnage","TUR","Turkey","2000","2000","NBR","Number","0","Units",,,136025,,
"FTOT","Total Vessels","GT","Gross tonnage","TUR","Turkey","2001","2001","NBR","Number","0","Units",,,146995,,
"FTOT","Total Vessels","GT","Gross tonnage","TUR","Turkey","2002","2002","NBR","Number","0","Units",,,180137,,
"FTOT","Total Vessels","GT","Gross tonnage","TUR","Turkey","2003","2003","NBR","Number","0","Units",,,191385,,
"FTOT","Total Vessels","GT","Gross tonnage","TUR","Turkey","2004","2004","NBR","Number","0","Units",,,195587,,
"FTOT","Total Vessels","GT","Gross tonnage","TUR","Turkey","2005","2005","NBR","Number","0","Units",,,195165,,
"FTOT","Total Vessels","GT","Gross tonnage","TUR","Turkey","2006","2006","NBR","Number","0","Units",,,189777,,
"FTOT","Total Vessels","GT","Gross tonnage","TUR","Turkey","2007","2007","NBR","Number","0","Units",,,187333,,
"FTOT","Total Vessels","GT","Gross tonnage","TUR","Turkey","2008","2008","NBR","Number","0","Units",,,185439,,
"FTOT","Total Vessels","GT","Gross tonnage","TUR","Turkey","2009","2009","NBR","Number","0","Units",,,186499,,
"FTOT","Total Vessels","GT","Gross tonnage","TUR","Turkey","2010","2010","NBR","Number","0","Units",,,185807,,
"FTOT","Total Vessels","GT","Gross tonnage","TUR","Turkey","2011","2011","NBR","Number","0","Units",,,183498.66,,
"FTOT","Total Vessels","GT","Gross tonnage","TUR","Turkey","2012","2012","NBR","Number","0","Units",,,179938.71,,
"FTOT","Total Vessels","GT","Gross tonnage","TUR","Turkey","2013","2013","NBR","Number","0","Units",,,175328.17,,
"FTOT","Total Vessels","NU","Number of vessels","GBR","United Kingdom","2000","2000","TONNE","Tonnes","0","Units",,,7681,,
"FTOT","Total Vessels","NU","Number of vessels","GBR","United Kingdom","2001","2001","TONNE","Tonnes","0","Units",,,7716,,
"FTOT","Total Vessels","NU","Number of vessels","GBR","United Kingdom","2002","2002","TONNE","Tonnes","0","Units",,,7563,,
"FTOT","Total Vessels","NU","Number of vessels","GBR","United Kingdom","2003","2003","TONNE","Tonnes","0","Units",,,7110,,
"FTOT","Total Vessels","NU","Number of vessels","GBR","United Kingdom","2004","2004","TONNE","Tonnes","0","Units",,,7030,,
"FTOT","Total Vessels","NU","Number of vessels","GBR","United Kingdom","2005","2005","TONNE","Tonnes","0","Units",,,6738,,
"FTOT","Total Vessels","NU","Number of vessels","GBR","United Kingdom","2006","2006","TONNE","Tonnes","0","Units",,,6768,,
"FTOT","Total Vessels","NU","Number of vessels","GBR","United Kingdom","2007","2007","TONNE","Tonnes","0","Units",,,6775,,
"FTOT","Total Vessels","NU","Number of vessels","GBR","United Kingdom","2008","2008","TONNE","Tonnes","0","Units",,,6577,,
"FTOT","Total Vessels","NU","Number of vessels","GBR","United Kingdom","2009","2009","TONNE","Tonnes","0","Units",,,6505,,
"FTOT","Total Vessels","NU","Number of vessels","GBR","United Kingdom","2010","2010","TONNE","Tonnes","0","Units",,,6477,,
"FTOT","Total Vessels","NU","Number of vessels","GBR","United Kingdom","2011","2011","TONNE","Tonnes","0","Units",,,7885,,
"FTOT","Total Vessels","NU","Number of vessels","GBR","United Kingdom","2012","2012","TONNE","Tonnes","0","Units",,,6505,,
"FTOT","Total Vessels","NU","Number of vessels","GBR","United Kingdom","2013","2013","TONNE","Tonnes","0","Units",,,6481,,
"FTOT","Total Vessels","NU","Number of vessels","GBR","United Kingdom","2014","2014","TONNE","Tonnes","0","Units",,,6415,,
"FTOT","Total Vessels","GT","Gross tonnage","GBR","United Kingdom","2000","2000","NBR","Number","0","Units",,,256924.09,,
"FTOT","Total Vessels","GT","Gross tonnage","GBR","United Kingdom","2001","2001","NBR","Number","0","Units",,,264451,,
"FTOT","Total Vessels","GT","Gross tonnage","GBR","United Kingdom","2002","2002","NBR","Number","0","Units",,,239364.26,,
"FTOT","Total Vessels","GT","Gross tonnage","GBR","United Kingdom","2003","2003","NBR","Number","0","Units",,,226800.97001651,,
"FTOT","Total Vessels","GT","Gross tonnage","GBR","United Kingdom","2004","2004","NBR","Number","0","Units",,,222941.16,,
"FTOT","Total Vessels","GT","Gross tonnage","GBR","United Kingdom","2005","2005","NBR","Number","0","Units",,,218166,,
"FTOT","Total Vessels","GT","Gross tonnage","GBR","United Kingdom","2006","2006","NBR","Number","0","Units",,,214596.01635,,
"FTOT","Total Vessels","GT","Gross tonnage","GBR","United Kingdom","2007","2007","NBR","Number","0","Units",,,210167,,
"FTOT","Total Vessels","GT","Gross tonnage","GBR","United Kingdom","2008","2008","NBR","Number","0","Units",,,205115.55998345,,
"FTOT","Total Vessels","GT","Gross tonnage","GBR","United Kingdom","2009","2009","NBR","Number","0","Units",,,205891.01998486,,
"FTOT","Total Vessels","GT","Gross tonnage","GBR","United Kingdom","2010","2010","NBR","Number","0","Units",,,207425,,
"FTOT","Total Vessels","GT","Gross tonnage","GBR","United Kingdom","2011","2011","NBR","Number","0","Units",,,284783,,
"FTOT","Total Vessels","GT","Gross tonnage","GBR","United Kingdom","2012","2012","NBR","Number","0","Units",,,199584,,
"FTOT","Total Vessels","GT","Gross tonnage","GBR","United Kingdom","2013","2013","NBR","Number","0","Units",,,198560,,
"FTOT","Total Vessels","GT","Gross tonnage","GBR","United Kingdom","2014","2014","NBR","Number","0","Units",,,198598,,
"FTOT","Total Vessels","NU","Number of vessels","ARG","Argentina","2000","2000","TONNE","Tonnes","0","Units",,,596,,
"FTOT","Total Vessels","NU","Number of vessels","ARG","Argentina","2001","2001","TONNE","Tonnes","0","Units",,,628,,
"FTOT","Total Vessels","NU","Number of vessels","ARG","Argentina","2002","2002","TONNE","Tonnes","0","Units",,,656,,
"FTOT","Total Vessels","NU","Number of vessels","ARG","Argentina","2003","2003","TONNE","Tonnes","0","Units",,,790,,
"FTOT","Total Vessels","NU","Number of vessels","ARG","Argentina","2004","2004","TONNE","Tonnes","0","Units",,,853,,
"FTOT","Total Vessels","NU","Number of vessels","ARG","Argentina","2005","2005","TONNE","Tonnes","0","Units",,,964,,
"FTOT","Total Vessels","NU","Number of vessels","ARG","Argentina","2006","2006","TONNE","Tonnes","0","Units",,,1095,,
"FTOT","Total Vessels","NU","Number of vessels","ARG","Argentina","2007","2007","TONNE","Tonnes","0","Units",,,1098,,
"FTOT","Total Vessels","NU","Number of vessels","ARG","Argentina","2008","2008","TONNE","Tonnes","0","Units",,,1106,,
"FTOT","Total Vessels","NU","Number of vessels","ARG","Argentina","2009","2009","TONNE","Tonnes","0","Units",,,1149,,
"FTOT","Total Vessels","NU","Number of vessels","ARG","Argentina","2010","2010","TONNE","Tonnes","0","Units",,,1090,,
"FTOT","Total Vessels","NU","Number of vessels","ARG","Argentina","2011","2011","TONNE","Tonnes","0","Units",,,896,,
"FTOT","Total Vessels","NU","Number of vessels","ARG","Argentina","2012","2012","TONNE","Tonnes","0","Units",,,1017,,
"FTOT","Total Vessels","NU","Number of vessels","ARG","Argentina","2013","2013","TONNE","Tonnes","0","Units",,,902,,
"FTOT","Total Vessels","NU","Number of vessels","ARG","Argentina","2014","2014","TONNE","Tonnes","0","Units",,,911,,
"FTOT","Total Vessels","GT","Gross tonnage","ARG","Argentina","2000","2000","NBR","Number","0","Units",,,191271,,
"FTOT","Total Vessels","GT","Gross tonnage","ARG","Argentina","2001","2001","NBR","Number","0","Units",,,187206,,
"FTOT","Total Vessels","GT","Gross tonnage","ARG","Argentina","2002","2002","NBR","Number","0","Units",,,191596,,
"FTOT","Total Vessels","GT","Gross tonnage","ARG","Argentina","2003","2003","NBR","Number","0","Units",,,188563,,
"FTOT","Total Vessels","GT","Gross tonnage","ARG","Argentina","2004","2004","NBR","Number","0","Units",,,193747,,
"FTOT","Total Vessels","GT","Gross tonnage","ARG","Argentina","2005","2005","NBR","Number","0","Units",,,188729,,
"FTOT","Total Vessels","GT","Gross tonnage","ARG","Argentina","2006","2006","NBR","Number","0","Units",,,195349,,
"FTOT","Total Vessels","GT","Gross tonnage","ARG","Argentina","2007","2007","NBR","Number","0","Units",,,198672,,
"FTOT","Total Vessels","GT","Gross tonnage","ARG","Argentina","2008","2008","NBR","Number","0","Units",,,193537,,
"FTOT","Total Vessels","GT","Gross tonnage","ARG","Argentina","2009","2009","NBR","Number","0","Units",,,189652,,
"FTOT","Total Vessels","GT","Gross tonnage","ARG","Argentina","2010","2010","NBR","Number","0","Units",,,180381,,
"FTOT","Total Vessels","GT","Gross tonnage","ARG","Argentina","2011","2011","NBR","Number","0","Units",,,179790,,
"FTOT","Total Vessels","GT","Gross tonnage","ARG","Argentina","2012","2012","NBR","Number","0","Units",,,180189,,
"FTOT","Total Vessels","GT","Gross tonnage","ARG","Argentina","2013","2013","NBR","Number","0","Units",,,179806,,
"FTOT","Total Vessels","GT","Gross tonnage","ARG","Argentina","2014","2014","NBR","Number","0","Units",,,167646,,
"FTOT","Total Vessels","NU","Number of vessels","CHL","Chile","2000","2000","TONNE","Tonnes","0","Units",,,15629,,
"FTOT","Total Vessels","NU","Number of vessels","CHL","Chile","2005","2005","TONNE","Tonnes","0","Units",,,14403,,
"FTOT","Total Vessels","NU","Number of vessels","CHL","Chile","2006","2006","TONNE","Tonnes","0","Units",,,14878,,
"FTOT","Total Vessels","NU","Number of vessels","CHL","Chile","2007","2007","TONNE","Tonnes","0","Units",,,15238,,
"FTOT","Total Vessels","NU","Number of vessels","CHL","Chile","2008","2008","TONNE","Tonnes","0","Units",,,15497,,
"FTOT","Total Vessels","NU","Number of vessels","CHL","Chile","2009","2009","TONNE","Tonnes","0","Units",,,15547,,
"FTOT","Total Vessels","NU","Number of vessels","CHL","Chile","2010","2010","TONNE","Tonnes","0","Units",,,16095,,
"FTOT","Total Vessels","NU","Number of vessels","CHL","Chile","2011","2011","TONNE","Tonnes","0","Units",,,12948,,
"FTOT","Total Vessels","NU","Number of vessels","CHL","Chile","2012","2012","TONNE","Tonnes","0","Units",,,12973,,
"FTOT","Total Vessels","GT","Gross tonnage","CHL","Chile","2005","2005","NBR","Number","0","Units",,,28806,,
"FTOT","Total Vessels","GT","Gross tonnage","CHL","Chile","2006","2006","NBR","Number","0","Units",,,29756,,
"FTOT","Total Vessels","GT","Gross tonnage","CHL","Chile","2007","2007","NBR","Number","0","Units",,,30476,,
"FTOT","Total Vessels","GT","Gross tonnage","CHL","Chile","2008","2008","NBR","Number","0","Units",,,30994,,
"FTOT","Total Vessels","GT","Gross tonnage","CHL","Chile","2009","2009","NBR","Number","0","Units",,,31094,,
"FTOT","Total Vessels","GT","Gross tonnage","CHL","Chile","2010","2010","NBR","Number","0","Units",,,32190,,
"FTOT","Total Vessels","GT","Gross tonnage","CHL","Chile","2011","2011","NBR","Number","0","Units",,,25896,,
"FTOT","Total Vessels","GT","Gross tonnage","CHL","Chile","2012","2012","NBR","Number","0","Units",,,25946,,
"FTOT","Total Vessels","NU","Number of vessels","EST","Estonia","2004","2004","TONNE","Tonnes","0","Units",,,1051,,
"FTOT","Total Vessels","NU","Number of vessels","EST","Estonia","2005","2005","TONNE","Tonnes","0","Units",,,1047,,
"FTOT","Total Vessels","NU","Number of vessels","EST","Estonia","2006","2006","TONNE","Tonnes","0","Units",,,1098,,
"FTOT","Total Vessels","NU","Number of vessels","EST","Estonia","2007","2007","TONNE","Tonnes","0","Units",,,963,,
"FTOT","Total Vessels","NU","Number of vessels","EST","Estonia","2008","2008","TONNE","Tonnes","0","Units",,,965,,
"FTOT","Total Vessels","NU","Number of vessels","EST","Estonia","2009","2009","TONNE","Tonnes","0","Units",,,1069,,
"FTOT","Total Vessels","NU","Number of vessels","EST","Estonia","2010","2010","TONNE","Tonnes","0","Units",,,1047,,
"FTOT","Total Vessels","NU","Number of vessels","EST","Estonia","2011","2011","TONNE","Tonnes","0","Units",,,1034,,
"FTOT","Total Vessels","NU","Number of vessels","EST","Estonia","2012","2012","TONNE","Tonnes","0","Units",,,1023,,
"FTOT","Total Vessels","NU","Number of vessels","EST","Estonia","2013","2013","TONNE","Tonnes","0","Units",,,1460,,
"FTOT","Total Vessels","NU","Number of vessels","EST","Estonia","2014","2014","TONNE","Tonnes","0","Units",,,1549,,
"FTOT","Total Vessels","GT","Gross tonnage","EST","Estonia","2004","2004","NBR","Number","0","Units",,,24873,,
"FTOT","Total Vessels","GT","Gross tonnage","EST","Estonia","2005","2005","NBR","Number","0","Units",,,24219,,
"FTOT","Total Vessels","GT","Gross tonnage","EST","Estonia","2006","2006","NBR","Number","0","Units",,,20712,,
"FTOT","Total Vessels","GT","Gross tonnage","EST","Estonia","2007","2007","NBR","Number","0","Units",,,19338,,
"FTOT","Total Vessels","GT","Gross tonnage","EST","Estonia","2008","2008","NBR","Number","0","Units",,,17418,,
"FTOT","Total Vessels","GT","Gross tonnage","EST","Estonia","2009","2009","NBR","Number","0","Units",,,17846.68,,
"FTOT","Total Vessels","GT","Gross tonnage","EST","Estonia","2010","2010","NBR","Number","0","Units",,,14575.69,,
"FTOT","Total Vessels","GT","Gross tonnage","EST","Estonia","2011","2011","NBR","Number","0","Units",,,14712.79,,
"FTOT","Total Vessels","GT","Gross tonnage","EST","Estonia","2012","2012","NBR","Number","0","Units",,,14342,,
"FTOT","Total Vessels","GT","Gross tonnage","EST","Estonia","2013","2013","NBR","Number","0","Units",,,15217,,
"FTOT","Total Vessels","GT","Gross tonnage","EST","Estonia","2014","2014","NBR","Number","0","Units",,,13457,,
"FTOT","Total Vessels","NU","Number of vessels","TWN","Chinese Taipei","2006","2006","TONNE","Tonnes","0","Units",,,26216,,
"FTOT","Total Vessels","NU","Number of vessels","TWN","Chinese Taipei","2007","2007","TONNE","Tonnes","0","Units",,,25622,,
"FTOT","Total Vessels","NU","Number of vessels","TWN","Chinese Taipei","2008","2008","TONNE","Tonnes","0","Units",,,24889,,
"FTOT","Total Vessels","NU","Number of vessels","TWN","Chinese Taipei","2009","2009","TONNE","Tonnes","0","Units",,,24127,,
"FTOT","Total Vessels","NU","Number of vessels","TWN","Chinese Taipei","2010","2010","TONNE","Tonnes","0","Units",,,23782,,
"FTOT","Total Vessels","NU","Number of vessels","TWN","Chinese Taipei","2011","2011","TONNE","Tonnes","0","Units",,,23557,,
"FTOT","Total Vessels","NU","Number of vessels","TWN","Chinese Taipei","2012","2012","TONNE","Tonnes","0","Units",,,23441,,
"FTOT","Total Vessels","NU","Number of vessels","TWN","Chinese Taipei","2013","2013","TONNE","Tonnes","0","Units",,,23012,,
"FTOT","Total Vessels","GT","Gross tonnage","TWN","Chinese Taipei","2006","2006","NBR","Number","0","Units",,,766384.83,,
"FTOT","Total Vessels","GT","Gross tonnage","TWN","Chinese Taipei","2007","2007","NBR","Number","0","Units",,,687883.81,,
"FTOT","Total Vessels","GT","Gross tonnage","TWN","Chinese Taipei","2008","2008","NBR","Number","0","Units",,,639676,,
"FTOT","Total Vessels","GT","Gross tonnage","TWN","Chinese Taipei","2009","2009","NBR","Number","0","Units",,,622899,,
"FTOT","Total Vessels","GT","Gross tonnage","TWN","Chinese Taipei","2010","2010","NBR","Number","0","Units",,,613187,,
"FTOT","Total Vessels","GT","Gross tonnage","TWN","Chinese Taipei","2011","2011","NBR","Number","0","Units",,,685130,,
"FTOT","Total Vessels","GT","Gross tonnage","TWN","Chinese Taipei","2012","2012","NBR","Number","0","Units",,,583601,,
"FTOT","Total Vessels","GT","Gross tonnage","TWN","Chinese Taipei","2013","2013","NBR","Number","0","Units",,,606218,,
"FTOT","Total Vessels","NU","Number of vessels","THA","Thailand","2004","2004","TONNE","Tonnes","0","Units",,,16432,,
"FTOT","Total Vessels","NU","Number of vessels","THA","Thailand","2005","2005","TONNE","Tonnes","0","Units",,,13627,,
"FTOT","Total Vessels","NU","Number of vessels","THA","Thailand","2006","2006","TONNE","Tonnes","0","Units",,,12552,,
"FTOT","Total Vessels","NU","Number of vessels","THA","Thailand","2007","2007","TONNE","Tonnes","0","Units",,,13056,,
"FTOT","Total Vessels","NU","Number of vessels","THA","Thailand","2008","2008","TONNE","Tonnes","0","Units",,,12920,,
"FTOT","Total Vessels","NU","Number of vessels","THA","Thailand","2009","2009","TONNE","Tonnes","0","Units",,,16891,,
"FTOT","Total Vessels","NU","Number of vessels","THA","Thailand","2010","2010","TONNE","Tonnes","0","Units",,,15381,,
"FTOT","Total Vessels","NU","Number of vessels","THA","Thailand","2011","2011","TONNE","Tonnes","0","Units",,,17203,,
"FTOT","Total Vessels","GT","Gross tonnage","THA","Thailand","2004","2004","NBR","Number","0","Units",,,487716.53,,
"FTOT","Total Vessels","GT","Gross tonnage","THA","Thailand","2005","2005","NBR","Number","0","Units",,,441171,,
"FTOT","Total Vessels","GT","Gross tonnage","THA","Thailand","2006","2006","NBR","Number","0","Units",,,407589,,
"FTOT","Total Vessels","GT","Gross tonnage","THA","Thailand","2007","2007","NBR","Number","0","Units",,,388123,,
"FTOT","Total Vessels","GT","Gross tonnage","THA","Thailand","2008","2008","NBR","Number","0","Units",,,359038,,
"FTOT","Total Vessels","GT","Gross tonnage","THA","Thailand","2009","2009","NBR","Number","0","Units",,,361280,,
"FTOT","Total Vessels","GT","Gross tonnage","THA","Thailand","2010","2010","NBR","Number","0","Units",,,414930,,
"FTOT","Total Vessels","GT","Gross tonnage","THA","Thailand","2011","2011","NBR","Number","0","Units",,,378598,,
"FTOT","Total Vessels","NU","Number of vessels","USA","United States","2005","2005","TONNE","Tonnes","0","Units",,,36150,,
"FTOT","Total Vessels","NU","Number of vessels","USA","United States","2009","2009","TONNE","Tonnes","0","Units",,,25000,,
"FTOT","Total Vessels","NU","Number of vessels","USA","United States","2010","2010","TONNE","Tonnes","0","Units",,,26000,,
"FTOT","Total Vessels","NU","Number of vessels","USA","United States","2011","2011","TONNE","Tonnes","0","Units",,,26500,,
"FTOT","Total Vessels","NU","Number of vessels","USA","United States","2012","2012","TONNE","Tonnes","0","Units",,,27000,,
"FTOT","Total Vessels","NU","Number of vessels","COL","Colombia","2011","2011","TONNE","Tonnes","0","Units",,,75,,
"FTOT","Total Vessels","NU","Number of vessels","COL","Colombia","2012","2012","TONNE","Tonnes","0","Units",,,66,,
"FTOT","Total Vessels","NU","Number of vessels","COL","Colombia","2013","2013","TONNE","Tonnes","0","Units",,,69,,
"FTOT","Total Vessels","GT","Gross tonnage","COL","Colombia","2011","2011","NBR","Number","0","Units",,,20005.86,,
"FTOT","Total Vessels","GT","Gross tonnage","COL","Colombia","2012","2012","NBR","Number","0","Units",,,19645.35,,
"FTOT","Total Vessels","GT","Gross tonnage","COL","Colombia","2013","2013","NBR","Number","0","Units",,,19534.4,,
"FTOT","Total Vessels","NU","Number of vessels","LVA","Latvia","2011","2011","TONNE","Tonnes","0","Units",,,731,,
"FTOT","Total Vessels","NU","Number of vessels","LVA","Latvia","2012","2012","TONNE","Tonnes","0","Units",,,715,,
"FTOT","Total Vessels","NU","Number of vessels","LVA","Latvia","2013","2013","TONNE","Tonnes","0","Units",,,703,,
"FTOT","Total Vessels","GT","Gross tonnage","LVA","Latvia","2011","2011","NBR","Number","0","Units",,,34725,,
"FTOT","Total Vessels","GT","Gross tonnage","LVA","Latvia","2012","2012","NBR","Number","0","Units",,,33789,,
"FTOT","Total Vessels","GT","Gross tonnage","LVA","Latvia","2013","2013","NBR","Number","0","Units",,,29945,,
"FTOT","Total Vessels","NU","Number of vessels","RUS","Russia","2014","2014","TONNE","Tonnes","0","Units",,,2542,,
"FTOT","Total Vessels","NU","Number of vessels","EU","European Union","2014","2014","TONNE","Tonnes","0","Units",,,87445,,
"FTOT","Total Vessels","GT","Gross tonnage","EU","European Union","2014","2014","NBR","Number","0","Units",,,1725938,,
